id,inventory_item_id,photo_url,storage_path,photo_type,sort_order,used_for_grading,ebay_uploaded,archived_to_r2,created_at,thumbnail_url,thumbnail_storage_path,width,height,bytes,captured_at,reconcile_session_id,is_hidden,phash
73f7c11d-45ed-4897-afcc-b086d1bcd52a,08752839-ff8a-4fcf-a0e6-2f14e592c1c1,https://api.gradethread.com/storage/v1/object/public/item-photos/c55c2414-7e0b-4431-944e-c0a16887bf31/08752839-ff8a-4fcf-a0e6-2f14e592c1c1/front_1781657889882.jpg,c55c2414-7e0b-4431-944e-c0a16887bf31/08752839-ff8a-4fcf-a0e6-2f14e592c1c1/front_1781657889882.jpg,front,0,false,false,false,2026-06-17 00:58:10.88958+00,null,null,null,null,570495,2026-06-16 02:56:48+00,null,false,null
33f9d27d-80c4-40cb-ac8d-7dc33a013d52,08752839-ff8a-4fcf-a0e6-2f14e592c1c1,https://api.gradethread.com/storage/v1/object/public/item-photos/c55c2414-7e0b-4431-944e-c0a16887bf31/08752839-ff8a-4fcf-a0e6-2f14e592c1c1/back_1781657889883.jpg?v=1781658836089,c55c2414-7e0b-4431-944e-c0a16887bf31/08752839-ff8a-4fcf-a0e6-2f14e592c1c1/back_1781657889883.jpg,back,1,false,false,false,2026-06-17 00:58:10.895006+00,null,null,null,null,630901,2026-06-16 02:55:27+00,null,false,null
214b5b4e-1b45-45b8-b933-06fc973b3fc4,08752839-ff8a-4fcf-a0e6-2f14e592c1c1,https://api.gradethread.com/storage/v1/object/public/item-photos/c55c2414-7e0b-4431-944e-c0a16887bf31/08752839-ff8a-4fcf-a0e6-2f14e592c1c1/tag_1781657109454.jpg,c55c2414-7e0b-4431-944e-c0a16887bf31/08752839-ff8a-4fcf-a0e6-2f14e592c1c1/tag_1781657109454.jpg,tag,2,false,false,false,2026-06-17 00:45:16.625439+00,null,null,null,null,1185773,2026-06-16 02:55:34+00,null,false,null
b8bb4d4c-10d5-4cb6-9f53-2f821f24d70c,08752839-ff8a-4fcf-a0e6-2f14e592c1c1,https://api.gradethread.com/storage/v1/object/public/item-photos/c55c2414-7e0b-4431-944e-c0a16887bf31/08752839-ff8a-4fcf-a0e6-2f14e592c1c1/detail_1781657109456.jpg,c55c2414-7e0b-4431-944e-c0a16887bf31/08752839-ff8a-4fcf-a0e6-2f14e592c1c1/detail_1781657109456.jpg,detail,3,false,false,false,2026-06-17 00:45:17.930263+00,null,null,null,null,712910,2026-06-16 02:55:31+00,null,false,null
43679e31-f6ad-4a97-a322-b368fed2c6d9,08752839-ff8a-4fcf-a0e6-2f14e592c1c1,https://api.gradethread.com/storage/v1/object/public/item-photos/c55c2414-7e0b-4431-944e-c0a16887bf31/08752839-ff8a-4fcf-a0e6-2f14e592c1c1/tag_2_1781657109458.jpg,c55c2414-7e0b-4431-944e-c0a16887bf31/08752839-ff8a-4fcf-a0e6-2f14e592c1c1/tag_2_1781657109458.jpg,tag_2,4,false,false,false,2026-06-17 00:45:17.992672+00,null,null,null,null,1507544,2026-06-16 02:56:24+00,null,false,null
8637ee18-d04b-45e5-a8a7-2b596a8532d7,08752839-ff8a-4fcf-a0e6-2f14e592c1c1,https://api.gradethread.com/storage/v1/object/public/item-photos/c55c2414-7e0b-4431-944e-c0a16887bf31/08752839-ff8a-4fcf-a0e6-2f14e592c1c1/measurement_chest_1781657109459.jpg,c55c2414-7e0b-4431-944e-c0a16887bf31/08752839-ff8a-4fcf-a0e6-2f14e592c1c1/measurement_chest_1781657109459.jpg,measurement_chest,5,false,false,false,2026-06-17 00:45:17.941474+00,null,null,null,null,979112,2026-06-16 02:55:55+00,null,false,null
73de9185-4be5-4f8b-8768-27697914faf5,08752839-ff8a-4fcf-a0e6-2f14e592c1c1,https://api.gradethread.com/storage/v1/object/public/item-photos/c55c2414-7e0b-4431-944e-c0a16887bf31/08752839-ff8a-4fcf-a0e6-2f14e592c1c1/measurement_length_1781657109462.jpg?v=1781658843150,c55c2414-7e0b-4431-944e-c0a16887bf31/08752839-ff8a-4fcf-a0e6-2f14e592c1c1/measurement_length_1781657109462.jpg,measurement_length,6,false,false,false,2026-06-17 00:45:19.591805+00,null,null,null,null,1073824,2026-06-16 02:56:07+00,null,false,null
34a34a01-ecbb-4b09-bef0-3ed75223e168,126e46d7-c09f-469c-bf84-6ae823225cbc,https://api.gradethread.com/storage/v1/object/public/item-photos/c55c2414-7e0b-4431-944e-c0a16887bf31/_staging/fe5df331-2b33-4c08-9439-ae8533f10738/565881ff-3c10-4d4c-b788-2712a0e2b1e0.png,c55c2414-7e0b-4431-944e-c0a16887bf31/_staging/fe5df331-2b33-4c08-9439-ae8533f10738/565881ff-3c10-4d4c-b788-2712a0e2b1e0.png,front,0,false,false,false,2026-06-06 02:50:08.299514+00,https://api.gradethread.com/storage/v1/object/public/item-photos/c55c2414-7e0b-4431-944e-c0a16887bf31/_staging/fe5df331-2b33-4c08-9439-ae8533f10738/565881ff-3c10-4d4c-b788-2712a0e2b1e0_thumb.png,c55c2414-7e0b-4431-944e-c0a16887bf31/_staging/fe5df331-2b33-4c08-9439-ae8533f10738/565881ff-3c10-4d4c-b788-2712a0e2b1e0_thumb.png,2400,3200,5766647,null,null,false,null
c82cb8be-8b54-407c-8152-dd6fbea8e05a,126e46d7-c09f-469c-bf84-6ae823225cbc,https://api.gradethread.com/storage/v1/object/public/item-photos/c55c2414-7e0b-4431-944e-c0a16887bf31/_staging/fe5df331-2b33-4c08-9439-ae8533f10738/62b239b8-5104-4064-a586-8255e0c86018.png,c55c2414-7e0b-4431-944e-c0a16887bf31/_staging/fe5df331-2b33-4c08-9439-ae8533f10738/62b239b8-5104-4064-a586-8255e0c86018.png,front,1,false,false,false,2026-06-06 02:50:08.299514+00,https://api.gradethread.com/storage/v1/object/public/item-photos/c55c2414-7e0b-4431-944e-c0a16887bf31/_staging/fe5df331-2b33-4c08-9439-ae8533f10738/62b239b8-5104-4064-a586-8255e0c86018_thumb.png,c55c2414-7e0b-4431-944e-c0a16887bf31/_staging/fe5df331-2b33-4c08-9439-ae8533f10738/62b239b8-5104-4064-a586-8255e0c86018_thumb.png,2400,3200,8476272,null,null,false,null
4146c3f5-2a71-42b7-8133-076bd9f2e6eb,126e46d7-c09f-469c-bf84-6ae823225cbc,https://api.gradethread.com/storage/v1/object/public/item-photos/c55c2414-7e0b-4431-944e-c0a16887bf31/_staging/fe5df331-2b33-4c08-9439-ae8533f10738/b803acf8-6e4b-46fd-bf43-2f8028fdf986.png,c55c2414-7e0b-4431-944e-c0a16887bf31/_staging/fe5df331-2b33-4c08-9439-ae8533f10738/b803acf8-6e4b-46fd-bf43-2f8028fdf986.png,tag,2,false,false,false,2026-06-06 02:50:08.299514+00,https://api.gradethread.com/storage/v1/object/public/item-photos/c55c2414-7e0b-4431-944e-c0a16887bf31/_staging/fe5df331-2b33-4c08-9439-ae8533f10738/b803acf8-6e4b-46fd-bf43-2f8028fdf986_thumb.png,c55c2414-7e0b-4431-944e-c0a16887bf31/_staging/fe5df331-2b33-4c08-9439-ae8533f10738/b803acf8-6e4b-46fd-bf43-2f8028fdf986_thumb.png,2400,1800,4002237,null,null,false,null
65f6ff60-365a-4541-9ce4-b366e80d9354,126e46d7-c09f-469c-bf84-6ae823225cbc,https://api.gradethread.com/storage/v1/object/public/item-photos/c55c2414-7e0b-4431-944e-c0a16887bf31/_staging/fe5df331-2b33-4c08-9439-ae8533f10738/2a4d51af-4aa5-4ee1-a707-f764932b21fb.png,c55c2414-7e0b-4431-944e-c0a16887bf31/_staging/fe5df331-2b33-4c08-9439-ae8533f10738/2a4d51af-4aa5-4ee1-a707-f764932b21fb.png,tag,3,false,false,false,2026-06-06 02:50:08.299514+00,https://api.gradethread.com/storage/v1/object/public/item-photos/c55c2414-7e0b-4431-944e-c0a16887bf31/_staging/fe5df331-2b33-4c08-9439-ae8533f10738/2a4d51af-4aa5-4ee1-a707-f764932b21fb_thumb.png,c55c2414-7e0b-4431-944e-c0a16887bf31/_staging/fe5df331-2b33-4c08-9439-ae8533f10738/2a4d51af-4aa5-4ee1-a707-f764932b21fb_thumb.png,2400,1800,4459276,null,null,false,null
899cdfc1-467f-4768-8562-c0aec4f1513d,126e46d7-c09f-469c-bf84-6ae823225cbc,https://api.gradethread.com/storage/v1/object/public/item-photos/c55c2414-7e0b-4431-944e-c0a16887bf31/_staging/fe5df331-2b33-4c08-9439-ae8533f10738/95da97d5-7e32-4bf5-944c-acbc72f80ab9.png,c55c2414-7e0b-4431-944e-c0a16887bf31/_staging/fe5df331-2b33-4c08-9439-ae8533f10738/95da97d5-7e32-4bf5-944c-acbc72f80ab9.png,tag,4,false,false,false,2026-06-06 02:50:08.299514+00,https://api.gradethread.com/storage/v1/object/public/item-photos/c55c2414-7e0b-4431-944e-c0a16887bf31/_staging/fe5df331-2b33-4c08-9439-ae8533f10738/95da97d5-7e32-4bf5-944c-acbc72f80ab9_thumb.png,c55c2414-7e0b-4431-944e-c0a16887bf31/_staging/fe5df331-2b33-4c08-9439-ae8533f10738/95da97d5-7e32-4bf5-944c-acbc72f80ab9_thumb.png,2400,1800,4900847,null,null,false,null
723763d0-8cbd-40c8-b5fe-5543999913e3,126e46d7-c09f-469c-bf84-6ae823225cbc,https://api.gradethread.com/storage/v1/object/public/item-photos/c55c2414-7e0b-4431-944e-c0a16887bf31/_staging/fe5df331-2b33-4c08-9439-ae8533f10738/f8443cdb-1472-429b-9cfb-297ae700ea49.png,c55c2414-7e0b-4431-944e-c0a16887bf31/_staging/fe5df331-2b33-4c08-9439-ae8533f10738/f8443cdb-1472-429b-9cfb-297ae700ea49.png,tag,5,false,false,false,2026-06-06 02:50:08.299514+00,https://api.gradethread.com/storage/v1/object/public/item-photos/c55c2414-7e0b-4431-944e-c0a16887bf31/_staging/fe5df331-2b33-4c08-9439-ae8533f10738/f8443cdb-1472-429b-9cfb-297ae700ea49_thumb.png,c55c2414-7e0b-4431-944e-c0a16887bf31/_staging/fe5df331-2b33-4c08-9439-ae8533f10738/f8443cdb-1472-429b-9cfb-297ae700ea49_thumb.png,2400,1800,4158480,null,null,false,null
9c457611-720b-48a7-9908-503a2490dac2,126e46d7-c09f-469c-bf84-6ae823225cbc,https://api.gradethread.com/storage/v1/object/public/item-photos/c55c2414-7e0b-4431-944e-c0a16887bf31/_staging/fe5df331-2b33-4c08-9439-ae8533f10738/5541ab60-f992-401d-8d2a-a94b8c4cadc4.jpg,c55c2414-7e0b-4431-944e-c0a16887bf31/_staging/fe5df331-2b33-4c08-9439-ae8533f10738/5541ab60-f992-401d-8d2a-a94b8c4cadc4.jpg,detail,6,false,false,false,2026-06-06 02:50:08.299514+00,https://api.gradethread.com/storage/v1/object/public/item-photos/c55c2414-7e0b-4431-944e-c0a16887bf31/_staging/fe5df331-2b33-4c08-9439-ae8533f10738/5541ab60-f992-401d-8d2a-a94b8c4cadc4_thumb.jpg,c55c2414-7e0b-4431-944e-c0a16887bf31/_staging/fe5df331-2b33-4c08-9439-ae8533f10738/5541ab60-f992-401d-8d2a-a94b8c4cadc4_thumb.jpg,2400,1800,739785,null,null,false,null
81f68667-3844-4834-a132-1aaedd18aca1,126e46d7-c09f-469c-bf84-6ae823225cbc,https://api.gradethread.com/storage/v1/object/public/item-photos/c55c2414-7e0b-4431-944e-c0a16887bf31/_staging/fe5df331-2b33-4c08-9439-ae8533f10738/4c8e7054-c2aa-4f05-b899-388f1d5c630d.png,c55c2414-7e0b-4431-944e-c0a16887bf31/_staging/fe5df331-2b33-4c08-9439-ae8533f10738/4c8e7054-c2aa-4f05-b899-388f1d5c630d.png,detail,7,false,false,false,2026-06-06 02:50:08.299514+00,https://api.gradethread.com/storage/v1/object/public/item-photos/c55c2414-7e0b-4431-944e-c0a16887bf31/_staging/fe5df331-2b33-4c08-9439-ae8533f10738/4c8e7054-c2aa-4f05-b899-388f1d5c630d_thumb.png,c55c2414-7e0b-4431-944e-c0a16887bf31/_staging/fe5df331-2b33-4c08-9439-ae8533f10738/4c8e7054-c2aa-4f05-b899-388f1d5c630d_thumb.png,2400,1800,3963445,null,null,false,null
9bd5a1f9-1e3b-45a0-abfd-7bba33c01559,16f067db-e2bf-4092-9650-203a1e0d527f,https://api.gradethread.com/storage/v1/object/public/item-photos/c55c2414-7e0b-4431-944e-c0a16887bf31/16f067db-e2bf-4092-9650-203a1e0d527f/front_1780952854343.jpg,c55c2414-7e0b-4431-944e-c0a16887bf31/16f067db-e2bf-4092-9650-203a1e0d527f/front_1780952854343.jpg,front,0,false,false,false,2026-06-08 21:07:38.284343+00,null,null,null,null,319591,2026-05-30 02:41:34+00,null,false,null
d71ab300-dd99-4bd2-b785-b4a292fe3bb5,16f067db-e2bf-4092-9650-203a1e0d527f,https://api.gradethread.com/storage/v1/object/public/item-photos/c55c2414-7e0b-4431-944e-c0a16887bf31/16f067db-e2bf-4092-9650-203a1e0d527f/back_1780952854345.jpg?v=1780955534217,c55c2414-7e0b-4431-944e-c0a16887bf31/16f067db-e2bf-4092-9650-203a1e0d527f/back_1780952854345.jpg,back,1,false,false,false,2026-06-08 21:07:39.316262+00,null,null,null,null,347376,2026-05-30 02:42:39+00,null,false,null
f85d0746-280e-4266-a3b8-1985b8bc4ef7,16f067db-e2bf-4092-9650-203a1e0d527f,https://api.gradethread.com/storage/v1/object/public/item-photos/c55c2414-7e0b-4431-944e-c0a16887bf31/16f067db-e2bf-4092-9650-203a1e0d527f/detail_1780952854349.jpg?v=1780955540357,c55c2414-7e0b-4431-944e-c0a16887bf31/16f067db-e2bf-4092-9650-203a1e0d527f/detail_1780952854349.jpg,tag,2,false,false,false,2026-06-08 21:07:39.288776+00,null,null,null,null,761760,2026-05-30 02:41:48+00,null,false,null
5d5475c2-594e-42d8-9bf2-acebcd780501,16f067db-e2bf-4092-9650-203a1e0d527f,https://api.gradethread.com/storage/v1/object/public/item-photos/c55c2414-7e0b-4431-944e-c0a16887bf31/16f067db-e2bf-4092-9650-203a1e0d527f/tag_1780952854347.jpg?v=1780955546298,c55c2414-7e0b-4431-944e-c0a16887bf31/16f067db-e2bf-4092-9650-203a1e0d527f/tag_1780952854347.jpg,tag_2,3,false,false,false,2026-06-08 21:07:38.677653+00,null,null,null,null,555486,2026-05-30 02:41:37+00,null,false,null
346c43e0-1478-428b-b279-2156907c1224,16f067db-e2bf-4092-9650-203a1e0d527f,https://api.gradethread.com/storage/v1/object/public/item-photos/c55c2414-7e0b-4431-944e-c0a16887bf31/16f067db-e2bf-4092-9650-203a1e0d527f/measurement_waist_1780955517049.png?v=1781095777254,c55c2414-7e0b-4431-944e-c0a16887bf31/16f067db-e2bf-4092-9650-203a1e0d527f/measurement_waist_1780955517049.png,measurement_waist,4,false,false,false,2026-06-08 21:51:59.138547+00,https://api.gradethread.com/storage/v1/object/public/item-photos/c55c2414-7e0b-4431-944e-c0a16887bf31/16f067db-e2bf-4092-9650-203a1e0d527f/thumbs/measurement_waist_1780955517049.png,c55c2414-7e0b-4431-944e-c0a16887bf31/16f067db-e2bf-4092-9650-203a1e0d527f/thumbs/measurement_waist_1780955517049.png,2400,1800,3963445,null,null,false,null
551296c4-09b4-4d4d-9fb2-9c05990d003f,16f067db-e2bf-4092-9650-203a1e0d527f,https://api.gradethread.com/storage/v1/object/public/item-photos/c55c2414-7e0b-4431-944e-c0a16887bf31/16f067db-e2bf-4092-9650-203a1e0d527f/measurement_length_1780955566410.png?v=1781095788073,c55c2414-7e0b-4431-944e-c0a16887bf31/16f067db-e2bf-4092-9650-203a1e0d527f/measurement_length_1780955566410.png,measurement_length,5,false,false,false,2026-06-08 21:52:50.590359+00,https://api.gradethread.com/storage/v1/object/public/item-photos/c55c2414-7e0b-4431-944e-c0a16887bf31/16f067db-e2bf-4092-9650-203a1e0d527f/thumbs/measurement_length_1780955566410.png,c55c2414-7e0b-4431-944e-c0a16887bf31/16f067db-e2bf-4092-9650-203a1e0d527f/thumbs/measurement_length_1780955566410.png,2400,1800,3914777,null,null,false,null
785206a0-716f-442b-8a03-4071175cc1d5,3cd1d0ec-0dca-4d4d-8788-c4a19fb1e768,https://api.gradethread.com/storage/v1/object/public/item-photos/c55c2414-7e0b-4431-944e-c0a16887bf31/3cd1d0ec-0dca-4d4d-8788-c4a19fb1e768/front_1782168293171.jpg?v=1782177219876,c55c2414-7e0b-4431-944e-c0a16887bf31/3cd1d0ec-0dca-4d4d-8788-c4a19fb1e768/front_1782168293171.jpg,front,0,false,false,false,2026-06-22 22:44:59.41803+00,null,null,1536,2048,852576,2026-06-22 22:44:33+00,null,false,null
e9f2756e-3234-4f04-84f6-54e5a8b12f0b,3cd1d0ec-0dca-4d4d-8788-c4a19fb1e768,https://api.gradethread.com/storage/v1/object/public/item-photos/c55c2414-7e0b-4431-944e-c0a16887bf31/3cd1d0ec-0dca-4d4d-8788-c4a19fb1e768/back_1782168293174.jpg?v=1782177211273,c55c2414-7e0b-4431-944e-c0a16887bf31/3cd1d0ec-0dca-4d4d-8788-c4a19fb1e768/back_1782168293174.jpg,back,1,false,false,false,2026-06-22 22:44:57.522461+00,null,null,1536,2048,904472,2026-06-22 22:44:34+00,null,false,null
b170098b-d987-46a5-a944-22477f5242b4,3cd1d0ec-0dca-4d4d-8788-c4a19fb1e768,https://api.gradethread.com/storage/v1/object/public/item-photos/c55c2414-7e0b-4431-944e-c0a16887bf31/3cd1d0ec-0dca-4d4d-8788-c4a19fb1e768/detail_1782168293178.jpg,c55c2414-7e0b-4431-944e-c0a16887bf31/3cd1d0ec-0dca-4d4d-8788-c4a19fb1e768/detail_1782168293178.jpg,detail,2,false,false,false,2026-06-22 22:45:05.236541+00,null,null,null,null,1044612,2026-06-22 22:44:36+00,null,false,null
2a414973-48fb-4f99-b500-58c7053bcd68,3cd1d0ec-0dca-4d4d-8788-c4a19fb1e768,,c55c2414-7e0b-4431-944e-c0a16887bf31/3cd1d0ec-0dca-4d4d-8788-c4a19fb1e768/tag_1782168293176.jpg,tag,3,false,false,false,2026-06-22 22:44:57.600854+00,null,null,null,null,1245104,2026-06-22 22:44:34+00,null,false,null
b082b190-1b61-4f6c-b214-f868953f8cc1,3cd1d0ec-0dca-4d4d-8788-c4a19fb1e768,https://api.gradethread.com/storage/v1/object/public/item-photos/c55c2414-7e0b-4431-944e-c0a16887bf31/3cd1d0ec-0dca-4d4d-8788-c4a19fb1e768/measurement_chest_1782168293180.jpg?v=1782177225398,c55c2414-7e0b-4431-944e-c0a16887bf31/3cd1d0ec-0dca-4d4d-8788-c4a19fb1e768/measurement_chest_1782168293180.jpg,measurement_chest,4,false,false,false,2026-06-22 22:45:05.197607+00,null,null,1536,2048,1304737,2026-06-22 22:44:35+00,null,false,null
16dffe58-76b1-4271-8622-f058d1b79033,3cd1d0ec-0dca-4d4d-8788-c4a19fb1e768,https://api.gradethread.com/storage/v1/object/public/item-photos/c55c2414-7e0b-4431-944e-c0a16887bf31/3cd1d0ec-0dca-4d4d-8788-c4a19fb1e768/measurement_length_1782168293182.jpg?v=1782177235126,c55c2414-7e0b-4431-944e-c0a16887bf31/3cd1d0ec-0dca-4d4d-8788-c4a19fb1e768/measurement_length_1782168293182.jpg,measurement_length,5,false,false,false,2026-06-22 22:45:05.518987+00,null,null,1536,2048,1222745,2026-06-22 22:44:36+00,null,false,null
91b98594-41e3-4d76-ab01-ba363068b551,414ddc1a-f66f-4e4d-9fd6-774affd269d5,https://api.gradethread.com/storage/v1/object/public/item-photos/c55c2414-7e0b-4431-944e-c0a16887bf31/414ddc1a-f66f-4e4d-9fd6-774affd269d5/back_1782186363805.jpg,c55c2414-7e0b-4431-944e-c0a16887bf31/414ddc1a-f66f-4e4d-9fd6-774affd269d5/back_1782186363805.jpg,back,0,false,false,false,2026-06-23 03:46:06.331732+00,null,null,null,null,508027,2026-06-23 03:45:34+00,null,false,null
28b85589-42c4-47c5-a980-ed56ff514792,414ddc1a-f66f-4e4d-9fd6-774affd269d5,https://api.gradethread.com/storage/v1/object/public/item-photos/c55c2414-7e0b-4431-944e-c0a16887bf31/414ddc1a-f66f-4e4d-9fd6-774affd269d5/front_1782186363803.jpg,c55c2414-7e0b-4431-944e-c0a16887bf31/414ddc1a-f66f-4e4d-9fd6-774affd269d5/front_1782186363803.jpg,front,0,false,false,false,2026-06-23 03:46:07.017395+00,null,null,null,null,609423,2026-06-23 03:45:33+00,null,false,null
6aea1356-5adc-47b6-a193-eef7bfc6ef24,414ddc1a-f66f-4e4d-9fd6-774affd269d5,,c55c2414-7e0b-4431-944e-c0a16887bf31/414ddc1a-f66f-4e4d-9fd6-774affd269d5/tag_1782186363806.jpg,tag,2,false,false,false,2026-06-23 03:46:06.107843+00,null,null,null,null,465891,2026-06-23 03:45:34+00,null,false,null
23cefc21-e94d-4442-a4af-b16adef4d928,414ddc1a-f66f-4e4d-9fd6-774affd269d5,https://api.gradethread.com/storage/v1/object/public/item-photos/c55c2414-7e0b-4431-944e-c0a16887bf31/414ddc1a-f66f-4e4d-9fd6-774affd269d5/detail_1782186363808.jpg,c55c2414-7e0b-4431-944e-c0a16887bf31/414ddc1a-f66f-4e4d-9fd6-774affd269d5/detail_1782186363808.jpg,detail,3,false,false,false,2026-06-23 03:46:08.223762+00,null,null,null,null,462592,2026-06-23 03:45:35+00,null,false,null
29ce3c6f-59be-4ac7-9c8a-ea342ae1afc8,414ddc1a-f66f-4e4d-9fd6-774affd269d5,,c55c2414-7e0b-4431-944e-c0a16887bf31/414ddc1a-f66f-4e4d-9fd6-774affd269d5/tag_2_1782186363810.jpg,tag_2,4,false,false,false,2026-06-23 03:46:08.086963+00,null,null,null,null,583329,2026-06-23 03:45:35+00,null,false,null
9f9c50f4-9ab7-4770-80ed-9bced475be43,4817e317-598b-4071-a376-fb7b292b39e9,https://api.gradethread.com/storage/v1/object/public/item-photos/c55c2414-7e0b-4431-944e-c0a16887bf31/4817e317-598b-4071-a376-fb7b292b39e9/front_1780800200025.jpg,c55c2414-7e0b-4431-944e-c0a16887bf31/4817e317-598b-4071-a376-fb7b292b39e9/front_1780800200025.jpg,front,0,false,false,false,2026-06-07 02:43:22.688632+00,https://api.gradethread.com/storage/v1/object/public/item-photos/c55c2414-7e0b-4431-944e-c0a16887bf31/4817e317-598b-4071-a376-fb7b292b39e9/thumbs/front_1780800200025.webp,c55c2414-7e0b-4431-944e-c0a16887bf31/4817e317-598b-4071-a376-fb7b292b39e9/thumbs/front_1780800200025.webp,480,640,60259,null,null,false,null
918047f0-8f79-4762-bd7b-c2394c0f53e8,4817e317-598b-4071-a376-fb7b292b39e9,https://api.gradethread.com/storage/v1/object/public/item-photos/c55c2414-7e0b-4431-944e-c0a16887bf31/4817e317-598b-4071-a376-fb7b292b39e9/back_1780800203657.webp,c55c2414-7e0b-4431-944e-c0a16887bf31/4817e317-598b-4071-a376-fb7b292b39e9/back_1780800203657.webp,back,1,false,false,false,2026-06-07 02:43:26.120653+00,https://api.gradethread.com/storage/v1/object/public/item-photos/c55c2414-7e0b-4431-944e-c0a16887bf31/4817e317-598b-4071-a376-fb7b292b39e9/thumbs/back_1780800203657.webp,c55c2414-7e0b-4431-944e-c0a16887bf31/4817e317-598b-4071-a376-fb7b292b39e9/thumbs/back_1780800203657.webp,480,640,60574,null,null,false,null
f80b6f17-0730-4f85-a4f9-8f87f958f3ce,4817e317-598b-4071-a376-fb7b292b39e9,https://api.gradethread.com/storage/v1/object/public/item-photos/c55c2414-7e0b-4431-944e-c0a16887bf31/4817e317-598b-4071-a376-fb7b292b39e9/tag_1780800210942.jpg,c55c2414-7e0b-4431-944e-c0a16887bf31/4817e317-598b-4071-a376-fb7b292b39e9/tag_1780800210942.jpg,tag,2,false,false,false,2026-06-07 02:43:33.00964+00,https://api.gradethread.com/storage/v1/object/public/item-photos/c55c2414-7e0b-4431-944e-c0a16887bf31/4817e317-598b-4071-a376-fb7b292b39e9/thumbs/tag_1780800210942.webp,c55c2414-7e0b-4431-944e-c0a16887bf31/4817e317-598b-4071-a376-fb7b292b39e9/thumbs/tag_1780800210942.webp,480,640,76233,null,null,false,null
e645cb80-0dd1-4552-83f4-89784b0efadb,4e1c78d1-9557-4733-9538-34f958b56020,https://api.gradethread.com/storage/v1/object/public/item-photos/c55c2414-7e0b-4431-944e-c0a16887bf31/4e1c78d1-9557-4733-9538-34f958b56020/front_1782420822062.jpg,c55c2414-7e0b-4431-944e-c0a16887bf31/4e1c78d1-9557-4733-9538-34f958b56020/front_1782420822062.jpg,front,0,false,false,false,2026-06-25 20:53:46.154772+00,null,null,null,null,597366,2026-06-25 20:53:12+00,null,false,null
98f128b1-3999-4fd0-ac5f-ae529d9811df,4e1c78d1-9557-4733-9538-34f958b56020,https://api.gradethread.com/storage/v1/object/public/item-photos/c55c2414-7e0b-4431-944e-c0a16887bf31/4e1c78d1-9557-4733-9538-34f958b56020/back_1782420822064.jpg,c55c2414-7e0b-4431-944e-c0a16887bf31/4e1c78d1-9557-4733-9538-34f958b56020/back_1782420822064.jpg,back,1,false,false,false,2026-06-25 20:53:46.259155+00,null,null,null,null,559472,2026-06-25 20:53:13+00,null,false,null
157a03d2-6879-4068-bdb8-a2872ebbe1d5,4e1c78d1-9557-4733-9538-34f958b56020,https://api.gradethread.com/storage/v1/object/public/item-photos/c55c2414-7e0b-4431-944e-c0a16887bf31/4e1c78d1-9557-4733-9538-34f958b56020/detail_1782420822067.jpg,c55c2414-7e0b-4431-944e-c0a16887bf31/4e1c78d1-9557-4733-9538-34f958b56020/detail_1782420822067.jpg,detail,2,false,false,false,2026-06-25 20:53:47.221223+00,null,null,null,null,1551342,2026-06-25 20:53:13+00,null,false,null
8fb37352-ad9f-4d67-ad52-03bb89fa49c2,4e1c78d1-9557-4733-9538-34f958b56020,,c55c2414-7e0b-4431-944e-c0a16887bf31/4e1c78d1-9557-4733-9538-34f958b56020/tag_2_1782420822069.jpg,tag_2,3,false,false,false,2026-06-25 20:53:48.286402+00,null,null,null,null,1545424,2026-06-25 20:53:15+00,null,false,null
68d7f15a-ebf3-4360-9015-f3964bbf75e2,4e1c78d1-9557-4733-9538-34f958b56020,,c55c2414-7e0b-4431-944e-c0a16887bf31/4e1c78d1-9557-4733-9538-34f958b56020/tag_1782420822065.jpg,tag,4,false,false,false,2026-06-25 20:53:46.334099+00,null,null,null,null,1196055,2026-06-25 20:53:13+00,null,false,null
3e554840-fe4a-4abe-a929-900c938784eb,4e1c78d1-9557-4733-9538-34f958b56020,https://api.gradethread.com/storage/v1/object/public/item-photos/c55c2414-7e0b-4431-944e-c0a16887bf31/4e1c78d1-9557-4733-9538-34f958b56020/measurement_waist_1782420822070.jpg,c55c2414-7e0b-4431-944e-c0a16887bf31/4e1c78d1-9557-4733-9538-34f958b56020/measurement_waist_1782420822070.jpg,measurement_waist,5,false,false,false,2026-06-25 20:53:47.622959+00,null,null,null,null,795366,2026-06-25 20:53:14+00,null,false,null
ffc49535-fae7-405f-a1fd-ee2c1b148f40,4e1c78d1-9557-4733-9538-34f958b56020,https://api.gradethread.com/storage/v1/object/public/item-photos/c55c2414-7e0b-4431-944e-c0a16887bf31/4e1c78d1-9557-4733-9538-34f958b56020/measurement_length_1782420822072.jpg,c55c2414-7e0b-4431-944e-c0a16887bf31/4e1c78d1-9557-4733-9538-34f958b56020/measurement_length_1782420822072.jpg,measurement_length,6,false,false,false,2026-06-25 20:53:48.794207+00,null,null,null,null,1211786,2026-06-25 20:53:14+00,null,false,null
0ae6cd07-10da-41f3-ad12-9f96c5df38fe,527cdd29-0420-4943-b4c9-103ab4832766,https://api.gradethread.com/storage/v1/object/public/item-photos/c55c2414-7e0b-4431-944e-c0a16887bf31/527cdd29-0420-4943-b4c9-103ab4832766/front_1781643700688.jpg?v=1781643979450,c55c2414-7e0b-4431-944e-c0a16887bf31/527cdd29-0420-4943-b4c9-103ab4832766/front_1781643700688.jpg,front,0,false,false,false,2026-06-16 21:01:43.025223+00,null,null,null,null,1091875,2026-05-27 23:51:02+00,null,false,null
af54cb03-0bd3-4027-bfc1-ed837d63cbd5,527cdd29-0420-4943-b4c9-103ab4832766,https://api.gradethread.com/storage/v1/object/public/item-photos/c55c2414-7e0b-4431-944e-c0a16887bf31/527cdd29-0420-4943-b4c9-103ab4832766/back_1781643700691.jpg,c55c2414-7e0b-4431-944e-c0a16887bf31/527cdd29-0420-4943-b4c9-103ab4832766/back_1781643700691.jpg,back,1,false,false,false,2026-06-16 21:01:49.512816+00,null,null,null,null,1048023,2026-05-27 23:52:17+00,null,false,null
d6b43173-f0c1-41e2-87fe-555010951439,527cdd29-0420-4943-b4c9-103ab4832766,https://api.gradethread.com/storage/v1/object/public/item-photos/c55c2414-7e0b-4431-944e-c0a16887bf31/527cdd29-0420-4943-b4c9-103ab4832766/tag_1781643700693.jpg?v=1781643987634,c55c2414-7e0b-4431-944e-c0a16887bf31/527cdd29-0420-4943-b4c9-103ab4832766/tag_1781643700693.jpg,tag,2,false,false,false,2026-06-16 21:01:43.641779+00,null,null,null,null,1309686,2026-05-27 23:51:09+00,null,false,null
1fd179d0-9494-46b0-ab4d-d5ff3f369220,527cdd29-0420-4943-b4c9-103ab4832766,https://api.gradethread.com/storage/v1/object/public/item-photos/c55c2414-7e0b-4431-944e-c0a16887bf31/527cdd29-0420-4943-b4c9-103ab4832766/detail_2_1781643700698.jpg,c55c2414-7e0b-4431-944e-c0a16887bf31/527cdd29-0420-4943-b4c9-103ab4832766/detail_2_1781643700698.jpg,detail_2,3,false,false,false,2026-06-16 21:01:48.939662+00,null,null,null,null,1117025,2026-05-27 23:52:20+00,null,false,null
f15677c7-4db0-4931-883f-c9897647b9bc,527cdd29-0420-4943-b4c9-103ab4832766,https://api.gradethread.com/storage/v1/object/public/item-photos/c55c2414-7e0b-4431-944e-c0a16887bf31/527cdd29-0420-4943-b4c9-103ab4832766/measurement_chest_1781643700700.jpg,c55c2414-7e0b-4431-944e-c0a16887bf31/527cdd29-0420-4943-b4c9-103ab4832766/measurement_chest_1781643700700.jpg,measurement_chest,4,false,false,false,2026-06-16 21:01:49.892792+00,null,null,null,null,1402957,2026-05-27 23:51:27+00,null,false,null
4bdeba30-a139-4213-a6c6-9c6bd3e5e1d6,527cdd29-0420-4943-b4c9-103ab4832766,https://api.gradethread.com/storage/v1/object/public/item-photos/c55c2414-7e0b-4431-944e-c0a16887bf31/527cdd29-0420-4943-b4c9-103ab4832766/measurement_length_1781643700702.jpg,c55c2414-7e0b-4431-944e-c0a16887bf31/527cdd29-0420-4943-b4c9-103ab4832766/measurement_length_1781643700702.jpg,measurement_length,5,false,false,false,2026-06-16 21:01:49.788279+00,null,null,null,null,1023569,2026-05-27 23:51:38+00,null,false,null
a9ce7c02-f2a7-40ac-b704-38bbe3353216,536d05d6-52b8-4992-8335-27c1f8c592f2,https://api.gradethread.com/storage/v1/object/public/item-photos/c55c2414-7e0b-4431-944e-c0a16887bf31/536d05d6-52b8-4992-8335-27c1f8c592f2/front_1781649543585.jpg,c55c2414-7e0b-4431-944e-c0a16887bf31/536d05d6-52b8-4992-8335-27c1f8c592f2/front_1781649543585.jpg,front,0,false,false,false,2026-06-16 22:39:12.297241+00,null,null,null,null,1441141,2026-06-16 03:33:05+00,null,false,null
e7ae07fc-60bb-4d1a-bf12-bc65b1566978,536d05d6-52b8-4992-8335-27c1f8c592f2,https://api.gradethread.com/storage/v1/object/public/item-photos/c55c2414-7e0b-4431-944e-c0a16887bf31/536d05d6-52b8-4992-8335-27c1f8c592f2/back_1781649543587.jpg?v=1781649628861,c55c2414-7e0b-4431-944e-c0a16887bf31/536d05d6-52b8-4992-8335-27c1f8c592f2/back_1781649543587.jpg,back,1,false,false,false,2026-06-16 22:39:09.370608+00,null,null,1536,2048,1229709,2026-06-16 03:34:23+00,null,false,null
39c9c00e-fd96-4560-9d3d-c59a14dfa327,536d05d6-52b8-4992-8335-27c1f8c592f2,https://api.gradethread.com/storage/v1/object/public/item-photos/c55c2414-7e0b-4431-944e-c0a16887bf31/536d05d6-52b8-4992-8335-27c1f8c592f2/tag_1781649543589.jpg?v=1781649633211,c55c2414-7e0b-4431-944e-c0a16887bf31/536d05d6-52b8-4992-8335-27c1f8c592f2/tag_1781649543589.jpg,tag,2,false,false,false,2026-06-16 22:39:12.569069+00,null,null,1536,2048,1293916,2026-06-16 03:33:14+00,null,false,null
a7dbc567-000c-44a4-88db-f3475d640f94,536d05d6-52b8-4992-8335-27c1f8c592f2,https://api.gradethread.com/storage/v1/object/public/item-photos/c55c2414-7e0b-4431-944e-c0a16887bf31/536d05d6-52b8-4992-8335-27c1f8c592f2/measurement_chest_1781649543599.jpg,c55c2414-7e0b-4431-944e-c0a16887bf31/536d05d6-52b8-4992-8335-27c1f8c592f2/measurement_chest_1781649543599.jpg,measurement_chest,3,false,false,false,2026-06-16 22:39:17.48942+00,null,null,null,null,1521812,2026-06-16 03:33:34+00,null,false,null
af267665-315a-490f-a1f5-449d77b3647f,536d05d6-52b8-4992-8335-27c1f8c592f2,https://api.gradethread.com/storage/v1/object/public/item-photos/c55c2414-7e0b-4431-944e-c0a16887bf31/536d05d6-52b8-4992-8335-27c1f8c592f2/detail_1781649543592.jpg?v=1781649638317,c55c2414-7e0b-4431-944e-c0a16887bf31/536d05d6-52b8-4992-8335-27c1f8c592f2/detail_1781649543592.jpg,detail,4,false,false,false,2026-06-16 22:39:14.089838+00,null,null,1536,2048,1360216,2026-06-16 03:33:17+00,null,false,null
c4b42f9c-27a1-4a83-addf-e15c29760cf5,536d05d6-52b8-4992-8335-27c1f8c592f2,https://api.gradethread.com/storage/v1/object/public/item-photos/c55c2414-7e0b-4431-944e-c0a16887bf31/536d05d6-52b8-4992-8335-27c1f8c592f2/tag_2_1781649543594.jpg,c55c2414-7e0b-4431-944e-c0a16887bf31/536d05d6-52b8-4992-8335-27c1f8c592f2/tag_2_1781649543594.jpg,tag_2,5,false,false,false,2026-06-16 22:39:14.891748+00,null,null,null,null,1061196,2026-06-16 03:34:01+00,null,false,null
1457db9d-5175-42d4-95b0-a6ee581c82f8,536d05d6-52b8-4992-8335-27c1f8c592f2,https://api.gradethread.com/storage/v1/object/public/item-photos/c55c2414-7e0b-4431-944e-c0a16887bf31/536d05d6-52b8-4992-8335-27c1f8c592f2/detail_2_1781649543596.jpg,c55c2414-7e0b-4431-944e-c0a16887bf31/536d05d6-52b8-4992-8335-27c1f8c592f2/detail_2_1781649543596.jpg,detail_2,6,false,false,false,2026-06-16 22:39:14.200296+00,null,null,null,null,1057086,2026-06-16 03:34:09+00,null,false,null
3c77b011-b3c2-404a-a981-ea4ffc22ade0,536d05d6-52b8-4992-8335-27c1f8c592f2,https://api.gradethread.com/storage/v1/object/public/item-photos/c55c2414-7e0b-4431-944e-c0a16887bf31/536d05d6-52b8-4992-8335-27c1f8c592f2/measurement_length_1781649543601.jpg?v=1781649643127,c55c2414-7e0b-4431-944e-c0a16887bf31/536d05d6-52b8-4992-8335-27c1f8c592f2/measurement_length_1781649543601.jpg,measurement_length,7,false,false,false,2026-06-16 22:39:17.159156+00,null,null,1536,2048,1376871,2026-06-16 03:33:47+00,null,false,null
d46517dc-75e1-4d12-83b3-af3ca361c477,569d2c47-077a-4c8f-9923-da8d3436fc4d,https://api.gradethread.com/storage/v1/object/public/item-photos/c55c2414-7e0b-4431-944e-c0a16887bf31/569d2c47-077a-4c8f-9923-da8d3436fc4d/back_1782137242983.jpg,c55c2414-7e0b-4431-944e-c0a16887bf31/569d2c47-077a-4c8f-9923-da8d3436fc4d/back_1782137242983.jpg,back,0,false,false,false,2026-06-22 14:08:28.042607+00,null,null,null,null,603091,2026-06-22 14:07:06+00,null,false,null
63400a43-4d20-4fdd-85cc-b4da099e977e,569d2c47-077a-4c8f-9923-da8d3436fc4d,https://api.gradethread.com/storage/v1/object/public/item-photos/c55c2414-7e0b-4431-944e-c0a16887bf31/569d2c47-077a-4c8f-9923-da8d3436fc4d/front_1782137242981.jpg,c55c2414-7e0b-4431-944e-c0a16887bf31/569d2c47-077a-4c8f-9923-da8d3436fc4d/front_1782137242981.jpg,front,0,false,false,false,2026-06-22 14:08:27.905454+00,null,null,null,null,551419,2026-06-22 14:07:06+00,null,false,null
f4e8894b-d0e9-419b-af59-18bbf7c7cc9d,569d2c47-077a-4c8f-9923-da8d3436fc4d,,c55c2414-7e0b-4431-944e-c0a16887bf31/569d2c47-077a-4c8f-9923-da8d3436fc4d/tag_1782137242985.jpg,tag,2,false,false,false,2026-06-22 14:07:51.321388+00,null,null,null,null,1104161,2026-06-22 14:07:07+00,null,false,null
fa2dcebd-f0bf-4918-88ad-83de0b9dd65d,569d2c47-077a-4c8f-9923-da8d3436fc4d,https://api.gradethread.com/storage/v1/object/public/item-photos/c55c2414-7e0b-4431-944e-c0a16887bf31/569d2c47-077a-4c8f-9923-da8d3436fc4d/detail_1782137242987.jpg,c55c2414-7e0b-4431-944e-c0a16887bf31/569d2c47-077a-4c8f-9923-da8d3436fc4d/detail_1782137242987.jpg,detail,3,false,false,false,2026-06-22 14:08:27.510145+00,null,null,null,null,897079,2026-06-22 14:07:07+00,null,false,null
63ee9503-de0d-41e1-8959-03f3f612460e,569d2c47-077a-4c8f-9923-da8d3436fc4d,https://api.gradethread.com/storage/v1/object/public/item-photos/c55c2414-7e0b-4431-944e-c0a16887bf31/569d2c47-077a-4c8f-9923-da8d3436fc4d/measurement_waist_1782137242989.jpg,c55c2414-7e0b-4431-944e-c0a16887bf31/569d2c47-077a-4c8f-9923-da8d3436fc4d/measurement_waist_1782137242989.jpg,measurement_waist,4,false,false,false,2026-06-22 14:08:54.694821+00,null,null,null,null,983132,2026-06-22 14:07:08+00,null,false,null
834f6d1d-e4e7-4404-9860-293735edc0e5,569d2c47-077a-4c8f-9923-da8d3436fc4d,https://api.gradethread.com/storage/v1/object/public/item-photos/c55c2414-7e0b-4431-944e-c0a16887bf31/569d2c47-077a-4c8f-9923-da8d3436fc4d/measurement_length_1782137242991.jpg,c55c2414-7e0b-4431-944e-c0a16887bf31/569d2c47-077a-4c8f-9923-da8d3436fc4d/measurement_length_1782137242991.jpg,measurement_length,5,false,false,false,2026-06-22 14:08:43.717228+00,null,null,null,null,1009766,2026-06-22 14:07:08+00,null,false,null
88e1a2fa-1292-410f-8f5f-4523c026ef53,5ef0f212-b2b2-42d5-af94-27f5373c1e9b,https://api.gradethread.com/storage/v1/object/public/item-photos/c55c2414-7e0b-4431-944e-c0a16887bf31/5ef0f212-b2b2-42d5-af94-27f5373c1e9b/back_1781570356281.jpg,c55c2414-7e0b-4431-944e-c0a16887bf31/5ef0f212-b2b2-42d5-af94-27f5373c1e9b/back_1781570356281.jpg,back,0,false,false,false,2026-06-16 00:39:19.627444+00,null,null,null,null,815292,2026-06-15 03:20:15+00,null,false,null
9f358e78-ff01-47aa-8cfa-78e94dc6c823,5ef0f212-b2b2-42d5-af94-27f5373c1e9b,https://api.gradethread.com/storage/v1/object/public/item-photos/c55c2414-7e0b-4431-944e-c0a16887bf31/5ef0f212-b2b2-42d5-af94-27f5373c1e9b/tag_1781570356283.jpg,c55c2414-7e0b-4431-944e-c0a16887bf31/5ef0f212-b2b2-42d5-af94-27f5373c1e9b/tag_1781570356283.jpg,tag,0,false,false,false,2026-06-16 00:39:19.726312+00,null,null,null,null,815292,2026-06-15 03:20:15+00,null,false,null
2675c2b2-83b9-4a84-b302-c068b2cd343c,5ef0f212-b2b2-42d5-af94-27f5373c1e9b,https://api.gradethread.com/storage/v1/object/public/item-photos/c55c2414-7e0b-4431-944e-c0a16887bf31/5ef0f212-b2b2-42d5-af94-27f5373c1e9b/front_1781570356280.jpg,c55c2414-7e0b-4431-944e-c0a16887bf31/5ef0f212-b2b2-42d5-af94-27f5373c1e9b/front_1781570356280.jpg,front,0,false,false,false,2026-06-16 00:39:19.724786+00,null,null,null,null,846832,2026-06-15 03:20:03+00,null,false,null
9d19cc6c-8c6e-4ad6-8d1f-77e02faf114a,5ef0f212-b2b2-42d5-af94-27f5373c1e9b,https://api.gradethread.com/storage/v1/object/public/item-photos/c55c2414-7e0b-4431-944e-c0a16887bf31/5ef0f212-b2b2-42d5-af94-27f5373c1e9b/detail_1781570356285.jpg,c55c2414-7e0b-4431-944e-c0a16887bf31/5ef0f212-b2b2-42d5-af94-27f5373c1e9b/detail_1781570356285.jpg,detail,3,false,false,false,2026-06-16 00:39:21.205123+00,null,null,null,null,1019899,2026-06-15 03:20:09+00,null,false,null
bf0fccae-91b6-4b75-9546-ec527a07d7d1,5ef0f212-b2b2-42d5-af94-27f5373c1e9b,https://api.gradethread.com/storage/v1/object/public/item-photos/c55c2414-7e0b-4431-944e-c0a16887bf31/5ef0f212-b2b2-42d5-af94-27f5373c1e9b/flatlay_1781570356286.jpg,c55c2414-7e0b-4431-944e-c0a16887bf31/5ef0f212-b2b2-42d5-af94-27f5373c1e9b/flatlay_1781570356286.jpg,flatlay,4,false,false,false,2026-06-16 00:39:21.135919+00,null,null,null,null,1067130,2026-06-15 03:20:48+00,null,false,null
4c6265ae-c9fd-40cc-944d-9751b52d63eb,62c0018a-7c1f-4b3c-8dc6-c6a3ce529746,https://api.gradethread.com/storage/v1/object/public/item-photos/c55c2414-7e0b-4431-944e-c0a16887bf31/62c0018a-7c1f-4b3c-8dc6-c6a3ce529746/front_1781352524337.jpg,c55c2414-7e0b-4431-944e-c0a16887bf31/62c0018a-7c1f-4b3c-8dc6-c6a3ce529746/front_1781352524337.jpg,front,0,false,false,false,2026-06-13 12:08:48.916018+00,null,null,null,null,438245,2026-05-28 23:33:29+00,null,false,null
c4e7e4b2-2007-4de1-8551-95f86363b02e,62c0018a-7c1f-4b3c-8dc6-c6a3ce529746,https://api.gradethread.com/storage/v1/object/public/item-photos/c55c2414-7e0b-4431-944e-c0a16887bf31/62c0018a-7c1f-4b3c-8dc6-c6a3ce529746/tag_1781352524341.jpg,c55c2414-7e0b-4431-944e-c0a16887bf31/62c0018a-7c1f-4b3c-8dc6-c6a3ce529746/tag_1781352524341.jpg,tag,0,false,false,false,2026-06-13 12:08:47.472319+00,null,null,null,null,555719,2026-05-28 23:33:33+00,null,false,null
714d5bf8-e19e-47e5-bfac-91fb592ba0b3,62c0018a-7c1f-4b3c-8dc6-c6a3ce529746,https://api.gradethread.com/storage/v1/object/public/item-photos/c55c2414-7e0b-4431-944e-c0a16887bf31/62c0018a-7c1f-4b3c-8dc6-c6a3ce529746/back_1781352524340.jpg,c55c2414-7e0b-4431-944e-c0a16887bf31/62c0018a-7c1f-4b3c-8dc6-c6a3ce529746/back_1781352524340.jpg,back,0,false,false,false,2026-06-13 12:08:47.39936+00,null,null,null,null,466821,2026-05-28 23:35:12+00,null,false,null
2b868dfb-76ba-4b70-b640-1bb25741d61a,62c0018a-7c1f-4b3c-8dc6-c6a3ce529746,https://api.gradethread.com/storage/v1/object/public/item-photos/c55c2414-7e0b-4431-944e-c0a16887bf31/62c0018a-7c1f-4b3c-8dc6-c6a3ce529746/detail_1781352524343.jpg,c55c2414-7e0b-4431-944e-c0a16887bf31/62c0018a-7c1f-4b3c-8dc6-c6a3ce529746/detail_1781352524343.jpg,detail,3,false,false,false,2026-06-13 12:08:58.788776+00,null,null,null,null,871814,2026-05-28 23:34:40+00,null,false,null
7aee30bc-a58f-4cf8-8e76-33665849b8ea,62c0018a-7c1f-4b3c-8dc6-c6a3ce529746,https://api.gradethread.com/storage/v1/object/public/item-photos/c55c2414-7e0b-4431-944e-c0a16887bf31/62c0018a-7c1f-4b3c-8dc6-c6a3ce529746/tag_2_1781352524345.jpg,c55c2414-7e0b-4431-944e-c0a16887bf31/62c0018a-7c1f-4b3c-8dc6-c6a3ce529746/tag_2_1781352524345.jpg,tag_2,4,false,false,false,2026-06-13 12:08:56.371998+00,null,null,null,null,837083,2026-05-28 23:33:38+00,null,false,null
474db468-918a-4ed8-89e7-bb525f906484,62c0018a-7c1f-4b3c-8dc6-c6a3ce529746,https://api.gradethread.com/storage/v1/object/public/item-photos/c55c2414-7e0b-4431-944e-c0a16887bf31/62c0018a-7c1f-4b3c-8dc6-c6a3ce529746/measurement_chest_1781352524346.jpg,c55c2414-7e0b-4431-944e-c0a16887bf31/62c0018a-7c1f-4b3c-8dc6-c6a3ce529746/measurement_chest_1781352524346.jpg,measurement_chest,5,false,false,false,2026-06-13 12:08:54.368759+00,null,null,null,null,645607,2026-05-28 23:34:03+00,null,false,null
883a8cd6-de26-4bd8-ad59-3a5be55b412e,62c0018a-7c1f-4b3c-8dc6-c6a3ce529746,https://api.gradethread.com/storage/v1/object/public/item-photos/c55c2414-7e0b-4431-944e-c0a16887bf31/62c0018a-7c1f-4b3c-8dc6-c6a3ce529746/measurement_length_1781352524348.jpg,c55c2414-7e0b-4431-944e-c0a16887bf31/62c0018a-7c1f-4b3c-8dc6-c6a3ce529746/measurement_length_1781352524348.jpg,measurement_length,6,false,false,false,2026-06-13 12:08:58.293195+00,null,null,null,null,676934,2026-05-28 23:34:17+00,null,false,null
205b5a99-acaa-4f98-b52a-b3e49ae41789,639aff08-e71c-49eb-827e-b966393206da,https://api.gradethread.com/storage/v1/object/public/item-photos/c55c2414-7e0b-4431-944e-c0a16887bf31/639aff08-e71c-49eb-827e-b966393206da/front_1781649272185.jpg?v=1781649338371,c55c2414-7e0b-4431-944e-c0a16887bf31/639aff08-e71c-49eb-827e-b966393206da/front_1781649272185.jpg,front,0,false,false,false,2026-06-16 22:34:35.873913+00,null,null,1536,2048,403985,2026-05-30 02:14:16+00,null,false,null
e2d5067f-cb05-44f0-98ec-c1a9d34f2bf1,639aff08-e71c-49eb-827e-b966393206da,https://api.gradethread.com/storage/v1/object/public/item-photos/c55c2414-7e0b-4431-944e-c0a16887bf31/639aff08-e71c-49eb-827e-b966393206da/back_1781649272186.jpg?v=1781649346656,c55c2414-7e0b-4431-944e-c0a16887bf31/639aff08-e71c-49eb-827e-b966393206da/back_1781649272186.jpg,back,1,false,false,false,2026-06-16 22:34:35.964073+00,null,null,1536,2048,389426,2026-05-30 02:14:24+00,null,false,null
264934ca-a9bb-4bdf-898d-641319998a83,639aff08-e71c-49eb-827e-b966393206da,https://api.gradethread.com/storage/v1/object/public/item-photos/c55c2414-7e0b-4431-944e-c0a16887bf31/639aff08-e71c-49eb-827e-b966393206da/tag_1781649272189.jpg?v=1781649356892,c55c2414-7e0b-4431-944e-c0a16887bf31/639aff08-e71c-49eb-827e-b966393206da/tag_1781649272189.jpg,tag,2,false,false,false,2026-06-16 22:34:36.25666+00,null,null,1536,2048,1504075,2026-05-30 02:14:39+00,null,false,null
1706e7da-3aa4-4d88-bbb0-8ce0d0469845,639aff08-e71c-49eb-827e-b966393206da,https://api.gradethread.com/storage/v1/object/public/item-photos/c55c2414-7e0b-4431-944e-c0a16887bf31/639aff08-e71c-49eb-827e-b966393206da/detail_1781649272192.jpg?v=1781649365703,c55c2414-7e0b-4431-944e-c0a16887bf31/639aff08-e71c-49eb-827e-b966393206da/detail_1781649272192.jpg,detail,3,false,false,false,2026-06-16 22:34:37.087569+00,null,null,1536,2048,737017,2026-05-30 02:14:28+00,null,false,null
ac4095d6-ea39-45a6-9594-45ffc4b25b07,639aff08-e71c-49eb-827e-b966393206da,https://api.gradethread.com/storage/v1/object/public/item-photos/c55c2414-7e0b-4431-944e-c0a16887bf31/639aff08-e71c-49eb-827e-b966393206da/measurement_length_1781649272194.jpg?v=1781649373362,c55c2414-7e0b-4431-944e-c0a16887bf31/639aff08-e71c-49eb-827e-b966393206da/measurement_length_1781649272194.jpg,measurement_length,4,false,false,false,2026-06-16 22:34:37.11224+00,null,null,1536,2048,719287,2026-05-30 02:15:09+00,null,false,null
51fc708c-cec3-4332-8af2-bc94f98ed164,6e13de0d-bbb5-4ce5-8402-abb97aac5c45,https://api.gradethread.com/storage/v1/object/public/item-photos/c55c2414-7e0b-4431-944e-c0a16887bf31/6e13de0d-bbb5-4ce5-8402-abb97aac5c45/front_1781663632401.jpg,c55c2414-7e0b-4431-944e-c0a16887bf31/6e13de0d-bbb5-4ce5-8402-abb97aac5c45/front_1781663632401.jpg,front,0,false,false,false,2026-06-17 02:33:57.282682+00,null,null,null,null,845224,2026-06-16 02:51:33+00,null,false,null
85e0829f-fff1-46bc-aecb-00e39403ba98,6e13de0d-bbb5-4ce5-8402-abb97aac5c45,https://api.gradethread.com/storage/v1/object/public/item-photos/c55c2414-7e0b-4431-944e-c0a16887bf31/6e13de0d-bbb5-4ce5-8402-abb97aac5c45/back_1781663632403.jpg,c55c2414-7e0b-4431-944e-c0a16887bf31/6e13de0d-bbb5-4ce5-8402-abb97aac5c45/back_1781663632403.jpg,back,1,false,false,false,2026-06-17 02:33:57.711826+00,null,null,null,null,1094677,2026-06-16 02:53:22+00,null,false,null
89cda963-f07e-4ead-8749-fa1e96e452fb,6e13de0d-bbb5-4ce5-8402-abb97aac5c45,https://api.gradethread.com/storage/v1/object/public/item-photos/c55c2414-7e0b-4431-944e-c0a16887bf31/6e13de0d-bbb5-4ce5-8402-abb97aac5c45/tag_1781663632406.jpg,c55c2414-7e0b-4431-944e-c0a16887bf31/6e13de0d-bbb5-4ce5-8402-abb97aac5c45/tag_1781663632406.jpg,tag,2,false,false,false,2026-06-17 02:33:57.72657+00,null,null,null,null,1360151,2026-06-16 02:53:33+00,null,false,null
6ee1f617-46fe-49d0-ad3f-20dfba9cccb5,6e13de0d-bbb5-4ce5-8402-abb97aac5c45,https://api.gradethread.com/storage/v1/object/public/item-photos/c55c2414-7e0b-4431-944e-c0a16887bf31/6e13de0d-bbb5-4ce5-8402-abb97aac5c45/detail_1781663632407.jpg,c55c2414-7e0b-4431-944e-c0a16887bf31/6e13de0d-bbb5-4ce5-8402-abb97aac5c45/detail_1781663632407.jpg,detail,3,false,false,false,2026-06-17 02:33:58.234+00,null,null,null,null,942083,2026-06-16 02:51:40+00,null,false,null
f7238336-f2e5-4b29-91de-3e36bef09813,6e13de0d-bbb5-4ce5-8402-abb97aac5c45,https://api.gradethread.com/storage/v1/object/public/item-photos/c55c2414-7e0b-4431-944e-c0a16887bf31/6e13de0d-bbb5-4ce5-8402-abb97aac5c45/detail_2_1781663632409.jpg,c55c2414-7e0b-4431-944e-c0a16887bf31/6e13de0d-bbb5-4ce5-8402-abb97aac5c45/detail_2_1781663632409.jpg,detail_2,4,false,false,false,2026-06-17 02:33:59.252093+00,null,null,null,null,1284334,2026-06-16 02:51:47+00,null,false,null
cb8a5fb0-8645-4481-9dd4-799ed8d1f3f5,6e13de0d-bbb5-4ce5-8402-abb97aac5c45,https://api.gradethread.com/storage/v1/object/public/item-photos/c55c2414-7e0b-4431-944e-c0a16887bf31/6e13de0d-bbb5-4ce5-8402-abb97aac5c45/measurement_chest_1781663632411.jpg,c55c2414-7e0b-4431-944e-c0a16887bf31/6e13de0d-bbb5-4ce5-8402-abb97aac5c45/measurement_chest_1781663632411.jpg,measurement_chest,5,false,false,false,2026-06-17 02:33:59.731911+00,null,null,null,null,1508844,2026-06-16 02:52:03+00,null,false,null
5e31a4e9-d913-4178-ad83-7521135ae56e,6e13de0d-bbb5-4ce5-8402-abb97aac5c45,https://api.gradethread.com/storage/v1/object/public/item-photos/c55c2414-7e0b-4431-944e-c0a16887bf31/6e13de0d-bbb5-4ce5-8402-abb97aac5c45/measurement_length_1781663632413.jpg,c55c2414-7e0b-4431-944e-c0a16887bf31/6e13de0d-bbb5-4ce5-8402-abb97aac5c45/measurement_length_1781663632413.jpg,measurement_length,6,false,false,false,2026-06-17 02:33:59.737213+00,null,null,null,null,1395224,2026-06-16 02:52:16+00,null,false,null
41c567f7-45b1-4261-bd31-fabbd851562d,93b92bb5-d2a7-4b20-9465-8d77e9aeb822,https://api.gradethread.com/storage/v1/object/public/item-photos/c55c2414-7e0b-4431-944e-c0a16887bf31/93b92bb5-d2a7-4b20-9465-8d77e9aeb822/front_1780953483641.jpg,c55c2414-7e0b-4431-944e-c0a16887bf31/93b92bb5-d2a7-4b20-9465-8d77e9aeb822/front_1780953483641.jpg,front,0,false,false,false,2026-06-08 21:18:09.123333+00,null,null,null,null,837530,2026-05-30 02:39:07+00,null,false,null
ba17221e-4184-4796-a42d-5a9716536e53,93b92bb5-d2a7-4b20-9465-8d77e9aeb822,https://api.gradethread.com/storage/v1/object/public/item-photos/c55c2414-7e0b-4431-944e-c0a16887bf31/93b92bb5-d2a7-4b20-9465-8d77e9aeb822/back_1780953483644.jpg,c55c2414-7e0b-4431-944e-c0a16887bf31/93b92bb5-d2a7-4b20-9465-8d77e9aeb822/back_1780953483644.jpg,back,1,false,false,false,2026-06-08 21:18:08.995768+00,null,null,null,null,726758,2026-05-30 02:40:33+00,null,false,null
04a3a6be-ff0f-41ba-abad-6ac91bbdde9a,93b92bb5-d2a7-4b20-9465-8d77e9aeb822,https://api.gradethread.com/storage/v1/object/public/item-photos/c55c2414-7e0b-4431-944e-c0a16887bf31/93b92bb5-d2a7-4b20-9465-8d77e9aeb822/tag_1780953483646.jpg,c55c2414-7e0b-4431-944e-c0a16887bf31/93b92bb5-d2a7-4b20-9465-8d77e9aeb822/tag_1780953483646.jpg,tag,2,false,false,false,2026-06-08 21:18:09.112117+00,null,null,null,null,1174617,2026-05-30 02:39:41+00,null,false,null
cd4e2371-d51d-49e3-b874-bc18748fddb6,93b92bb5-d2a7-4b20-9465-8d77e9aeb822,https://api.gradethread.com/storage/v1/object/public/item-photos/c55c2414-7e0b-4431-944e-c0a16887bf31/93b92bb5-d2a7-4b20-9465-8d77e9aeb822/detail_1780953483649.jpg,c55c2414-7e0b-4431-944e-c0a16887bf31/93b92bb5-d2a7-4b20-9465-8d77e9aeb822/detail_1780953483649.jpg,detail,3,false,false,false,2026-06-08 21:18:09.989874+00,null,null,null,null,893698,2026-05-30 02:40:55+00,null,false,null
457ce76f-7329-431a-979d-1871ce319098,9b09a28e-54af-47fa-b76f-ac383998175e,https://api.gradethread.com/storage/v1/object/public/item-photos/c55c2414-7e0b-4431-944e-c0a16887bf31/9b09a28e-54af-47fa-b76f-ac383998175e/front_1781556965746.jpg,c55c2414-7e0b-4431-944e-c0a16887bf31/9b09a28e-54af-47fa-b76f-ac383998175e/front_1781556965746.jpg,front,0,false,false,false,2026-06-15 20:56:09.390403+00,null,null,null,null,362033,2026-06-15 03:18:21+00,null,false,null
dbab9987-8c5e-46a3-b143-12cc9fedefaa,9b09a28e-54af-47fa-b76f-ac383998175e,https://api.gradethread.com/storage/v1/object/public/item-photos/c55c2414-7e0b-4431-944e-c0a16887bf31/9b09a28e-54af-47fa-b76f-ac383998175e/back_1781556965748.jpg,c55c2414-7e0b-4431-944e-c0a16887bf31/9b09a28e-54af-47fa-b76f-ac383998175e/back_1781556965748.jpg,back,1,false,false,false,2026-06-15 20:56:10.548186+00,null,null,null,null,716075,2026-06-15 03:18:58+00,null,false,null
fedb18c7-4227-441d-a0cb-105b59a2270f,9b09a28e-54af-47fa-b76f-ac383998175e,https://api.gradethread.com/storage/v1/object/public/item-photos/c55c2414-7e0b-4431-944e-c0a16887bf31/9b09a28e-54af-47fa-b76f-ac383998175e/detail_1781556965750.jpg,c55c2414-7e0b-4431-944e-c0a16887bf31/9b09a28e-54af-47fa-b76f-ac383998175e/detail_1781556965750.jpg,detail,2,false,false,false,2026-06-15 20:56:10.555792+00,null,null,null,null,522008,2026-06-15 03:18:13+00,null,false,null
cf1fa591-737a-4c46-b1f5-055e02396d54,9b09a28e-54af-47fa-b76f-ac383998175e,https://api.gradethread.com/storage/v1/object/public/item-photos/c55c2414-7e0b-4431-944e-c0a16887bf31/9b09a28e-54af-47fa-b76f-ac383998175e/tag_1781556965749.jpg,c55c2414-7e0b-4431-944e-c0a16887bf31/9b09a28e-54af-47fa-b76f-ac383998175e/tag_1781556965749.jpg,tag,3,false,false,false,2026-06-15 20:56:07.18889+00,null,null,null,null,716075,2026-06-15 03:18:58+00,null,false,null
56520f8c-ef81-47c6-9ccb-9b6ec24f3330,9b09a28e-54af-47fa-b76f-ac383998175e,https://api.gradethread.com/storage/v1/object/public/item-photos/c55c2414-7e0b-4431-944e-c0a16887bf31/9b09a28e-54af-47fa-b76f-ac383998175e/detail_2_1781556965752.jpg,c55c2414-7e0b-4431-944e-c0a16887bf31/9b09a28e-54af-47fa-b76f-ac383998175e/detail_2_1781556965752.jpg,detail_2,4,false,false,false,2026-06-15 20:56:11.39895+00,null,null,null,null,1025803,2026-06-15 03:19:11+00,null,false,null
b2433fe5-0858-4f31-8d7d-14a40570d0f8,9b09a28e-54af-47fa-b76f-ac383998175e,https://api.gradethread.com/storage/v1/object/public/item-photos/c55c2414-7e0b-4431-944e-c0a16887bf31/9b09a28e-54af-47fa-b76f-ac383998175e/detail_3_1781556965753.jpg,c55c2414-7e0b-4431-944e-c0a16887bf31/9b09a28e-54af-47fa-b76f-ac383998175e/detail_3_1781556965753.jpg,detail_3,5,false,false,false,2026-06-15 20:56:13.44096+00,null,null,null,null,844725,2026-06-15 03:18:38+00,null,false,null
b90a2af3-90fd-4041-94c3-94fe4c4dcae1,9b09a28e-54af-47fa-b76f-ac383998175e,https://api.gradethread.com/storage/v1/object/public/item-photos/c55c2414-7e0b-4431-944e-c0a16887bf31/9b09a28e-54af-47fa-b76f-ac383998175e/detail_4_1781556965755.jpg,c55c2414-7e0b-4431-944e-c0a16887bf31/9b09a28e-54af-47fa-b76f-ac383998175e/detail_4_1781556965755.jpg,detail_4,6,false,false,false,2026-06-15 20:56:13.644419+00,null,null,null,null,884646,2026-06-15 03:19:06+00,null,false,null
5c89c68b-c6b3-4245-b770-a5dc2c4730f5,a478a7b2-bd0d-43db-b9ed-37f59eaa17c1,https://api.gradethread.com/storage/v1/object/public/item-photos/c55c2414-7e0b-4431-944e-c0a16887bf31/a478a7b2-bd0d-43db-b9ed-37f59eaa17c1/front_1781056170564.jpg?v=1781062409707,c55c2414-7e0b-4431-944e-c0a16887bf31/a478a7b2-bd0d-43db-b9ed-37f59eaa17c1/front_1781056170564.jpg,front,0,false,false,false,2026-06-10 01:49:37.07548+00,null,null,null,null,585465,2026-05-30 02:05:48+00,null,false,null
ccae78f9-02ae-4e60-8a99-fb113b3f3f59,a478a7b2-bd0d-43db-b9ed-37f59eaa17c1,https://api.gradethread.com/storage/v1/object/public/item-photos/c55c2414-7e0b-4431-944e-c0a16887bf31/a478a7b2-bd0d-43db-b9ed-37f59eaa17c1/back_1781056170590.jpg?v=1781062430649,c55c2414-7e0b-4431-944e-c0a16887bf31/a478a7b2-bd0d-43db-b9ed-37f59eaa17c1/back_1781056170590.jpg,back,1,false,false,false,2026-06-10 01:49:36.223123+00,null,null,null,null,610303,2026-05-30 02:07:12+00,null,false,null
c4eb82bd-1714-4505-bba5-d1daffe6c0d5,a478a7b2-bd0d-43db-b9ed-37f59eaa17c1,https://api.gradethread.com/storage/v1/object/public/item-photos/c55c2414-7e0b-4431-944e-c0a16887bf31/a478a7b2-bd0d-43db-b9ed-37f59eaa17c1/tag_1781056170617.jpg?v=1781062444594,c55c2414-7e0b-4431-944e-c0a16887bf31/a478a7b2-bd0d-43db-b9ed-37f59eaa17c1/tag_1781056170617.jpg,tag,2,false,false,false,2026-06-10 01:49:36.789877+00,null,null,null,null,1396475,2026-05-30 02:06:50+00,null,false,null