path,cluster,keyword
1-damage-care,stain-removal,how to remove deodorant stains from shirts
1-damage-care,stain-removal,how to get yellow armpit stains out of shirts
1-damage-care,stain-removal,how to remove oil stains from clothes
1-damage-care,stain-removal,how to get an old stain out of clothing
1-damage-care,stain-removal,how to remove ink stains from clothes
1-damage-care,stain-removal,how to remove rust stains from fabric
1-damage-care,stain-removal,how to get blood out of clothes
1-damage-care,stain-removal,how to remove grease stains from clothes
1-damage-care,stain-removal,how to remove wine stains from clothing
1-damage-care,stain-removal,how to remove makeup stains from clothes
1-damage-care,stain-removal,how to remove sweat stains from white shirts
1-damage-care,stain-removal,how to get bleach stains out of clothes
1-damage-care,stain-removal,how to remove mildew stains from fabric
1-damage-care,stain-removal,how to remove stains from silk
1-damage-care,stain-removal,how to remove stains from wool
1-damage-care,stain-removal,how to remove stains from denim
1-damage-care,stain-removal,how to remove stains from leather
1-damage-care,stain-removal,how to remove stains from polyester
1-damage-care,stain-removal,how to remove stains from vintage clothing
1-damage-care,odor,how to get smoke smell out of clothes
1-damage-care,odor,how to get musty smell out of clothes
1-damage-care,odor,how to get mildew smell out of clothes
1-damage-care,odor,how to get thrift store smell out of clothes
1-damage-care,odor,how to remove perfume smell from clothes
1-damage-care,odor,how to get body odor out of shirts
1-damage-care,odor,how to deodorize vintage clothing
1-damage-care,repair,how to fix pilling on sweaters
1-damage-care,repair,how to remove pilling from clothes
1-damage-care,repair,how to fix a broken zipper
1-damage-care,repair,how to replace a zipper pull
1-damage-care,repair,how to fix moth holes in a sweater
1-damage-care,repair,how to darn a hole in a sweater
1-damage-care,repair,how to fix a snag in a sweater
1-damage-care,repair,how to fix a hole in jeans
1-damage-care,repair,how to fix fraying cuffs
1-damage-care,repair,how to fix a stretched out collar
1-damage-care,repair,how to fix cracked screen print on a shirt
1-damage-care,repair,how to sew on a button
1-damage-care,repair,how to fix a broken belt loop
1-damage-care,repair,how to repair a torn lining
1-damage-care,restore,how to unshrink clothes
1-damage-care,restore,how to fix shrunken wool sweater
1-damage-care,restore,how to whiten yellowed clothes
1-damage-care,restore,how to restore faded black clothes
1-damage-care,restore,how to fix color bleeding in laundry
1-damage-care,restore,how to soften stiff denim
1-damage-care,restore,how to remove wrinkles without an iron
1-damage-care,care,how to wash vintage clothing
1-damage-care,care,how to wash a wool sweater
1-damage-care,care,how to wash silk at home
1-damage-care,care,how to stop clothes from pilling
1-damage-care,care,how to prevent moth holes
1-damage-care,care,how to store clothes long term
1-damage-care,care,how to clean thrift store clothes
1-damage-care,care,how to sanitize secondhand clothes
2-returns,ebay-snad,ebay item not as described
2-returns,ebay-snad,how to fight a not as described claim on ebay
2-returns,ebay-snad,ebay buyer lying about item condition
2-returns,ebay-snad,ebay return request buyer damaged item
2-returns,ebay-snad,who pays return shipping on ebay
2-returns,ebay-snad,how to appeal an ebay return case
2-returns,ebay-snad,ebay buyer returned a different item
2-returns,ebay-snad,how to respond to an ebay return request
2-returns,ebay-snad,ebay refund without return
2-returns,ebay-snad,ebay partial refund for return
2-returns,ebay-snad,how to reduce returns on ebay
2-returns,ebay-snad,ebay return abuse
2-returns,ebay-snad,does ebay always side with the buyer
2-returns,ebay-snad,ebay seller protection returns
2-returns,ebay-snad,how do returns affect ebay seller rating
2-returns,ebay-snad,ebay money back guarantee seller
2-returns,ebay-snad,how to block a buyer on ebay
2-returns,ebay-snad,ebay case closed without seller resolution
2-returns,poshmark,poshmark case opened against seller
2-returns,poshmark,how to fight a poshmark case
2-returns,poshmark,poshmark return policy for sellers
2-returns,poshmark,poshmark buyer says item is not as described
2-returns,mercari,mercari return request seller
2-returns,mercari,how to dispute a mercari return
2-returns,mercari,mercari buyer protection seller
2-returns,depop,depop refund policy seller
2-returns,depop,depop buyer opened a dispute
2-returns,vinted,vinted buyer protection dispute
2-returns,evidence,how to photograph flaws for a listing
2-returns,evidence,how to describe flaws in a listing
2-returns,evidence,how to prove item condition before shipping
2-returns,evidence,how to write a condition description for used clothing
3-tools,fee-calc,ebay fee calculator
3-tools,fee-calc,poshmark fee calculator
3-tools,fee-calc,mercari fee calculator
3-tools,fee-calc,depop fee calculator
3-tools,fee-calc,etsy fee calculator
3-tools,fee-calc,ebay final value fee calculator
3-tools,fee-calc,how much does ebay take from a sale
3-tools,fee-calc,how much does poshmark take
3-tools,profit,reseller profit calculator
3-tools,profit,ebay profit calculator
3-tools,profit,resale profit margin calculator
3-tools,profit,reseller mileage tracker
3-tools,profit,cost of goods sold calculator reselling
3-tools,measure,clothing measurement converter
3-tools,measure,how to measure a shirt for a listing
3-tools,measure,pit to pit measurement chart
3-tools,measure,inseam measurement guide
3-tools,measure,international size conversion chart
3-tools,measure,mens to womens size converter
3-tools,measure,vintage sizing conversion chart
3-tools,shipping,ebay shipping calculator
3-tools,shipping,cheapest way to ship clothes
3-tools,shipping,poly mailer size guide
4-value,brand-value,how much is a carhartt jacket worth
4-value,brand-value,vintage levis 501 value
4-value,brand-value,how much are vintage band tees worth
4-value,brand-value,patagonia resale value
4-value,brand-value,how much is a north face jacket worth used
4-value,brand-value,vintage nike tag dating
4-value,brand-value,how to tell how old a levis jacket is
4-value,brand-value,best brands to resell
4-value,brand-value,bolo brands list
4-value,brand-value,what brands sell best on ebay
4-value,pricing,how to price used clothes
4-value,pricing,how to find sold comps on ebay
4-value,pricing,ebay sold comps
4-value,pricing,how to price vintage clothing
4-value,pricing,how much to sell used clothes for
4-value,pricing,how does condition affect resale value
4-value,pricing,how much less is a damaged item worth
5-marketplace-howto,ebay,ebay item specifics
5-marketplace-howto,ebay,how to relist an item on ebay
5-marketplace-howto,ebay,how to bulk edit ebay listings
5-marketplace-howto,ebay,how to cancel an offer on ebay
5-marketplace-howto,ebay,how to end a listing early on ebay
5-marketplace-howto,ebay,how to add item specifics in bulk
5-marketplace-howto,ebay,how to schedule ebay listings
5-marketplace-howto,ebay,ebay promoted listings worth it
5-marketplace-howto,ebay,how to send offers to watchers on ebay
5-marketplace-howto,ebay,why are my ebay sales slow
5-marketplace-howto,ebay,ebay listing not showing in search
5-marketplace-howto,ebay,how to improve ebay search ranking
5-marketplace-howto,poshmark,how to share on poshmark
5-marketplace-howto,poshmark,poshmark bundle discount setup
5-marketplace-howto,poshmark,how to relist on poshmark
5-marketplace-howto,crosslist,how to crosslist to multiple platforms
5-marketplace-howto,crosslist,crosslisting app
5-marketplace-howto,crosslist,best crosslisting app for resellers
5-marketplace-howto,crosslist,how to delist after selling
5-marketplace-howto,workflow,reseller death pile
5-marketplace-howto,workflow,how to organize reseller inventory
5-marketplace-howto,workflow,reseller inventory management
5-marketplace-howto,workflow,clothing inventory management software
6-buyer,condition-terms,what does euc mean
6-buyer,condition-terms,what does nwt mean
6-buyer,condition-terms,nwt vs nwot
6-buyer,condition-terms,what does vgc mean in clothing
6-buyer,condition-terms,gently used clothing meaning
6-buyer,condition-terms,what does pre owned mean
6-buyer,condition-terms,clothing condition abbreviations
6-buyer,buying-safe,how to buy used clothes online safely
6-buyer,buying-safe,how to spot a fake listing on ebay
6-buyer,buying-safe,is poshmark legit
6-buyer,buying-safe,is depop safe to buy from
6-buyer,buying-safe,how to tell if a seller is trustworthy
6-buyer,buying-safe,how to know if used clothes will fit
6-buyer,buying-safe,how to read clothing measurements when buying online
6-buyer,buying-safe,what to look for when buying used clothes
6-buyer,authenticity,how to tell if designer clothes are real
6-buyer,authenticity,how to authenticate a vintage tee
6-buyer,authenticity,clothing authentication service
7-positioning,saas-commercial,clothing inventory management software
7-positioning,saas-commercial,multi channel listing software
7-positioning,saas-commercial,reseller inventory software
7-positioning,saas-commercial,ebay inventory management
7-positioning,saas-commercial,reselling bookkeeping software
7-positioning,saas-commercial,reseller profit tracker
7-positioning,saas-commercial,ai listing generator
7-positioning,saas-commercial,ai ebay listing generator
7-positioning,saas-commercial,bulk listing software ebay
7-positioning,saas-commercial,reseller tools
7-positioning,comparison,vendoo alternative
7-positioning,comparison,list perfectly alternative
7-positioning,comparison,crosslist vs vendoo
7-positioning,comparison,mercari vs ebay
7-positioning,comparison,poshmark vs mercari
7-positioning,comparison,depop vs poshmark
