path,cluster,keyword,avg_monthly,competition,comp_index,bid_low,bid_high,yoy,shape,brand,serp
6-buyer,authentication,"how to tell if a north face is fake",,Unknown,,,,,how-to-tell,north face,
6-buyer,authentication,"north face real vs fake",,Unknown,,,,,real-vs-fake,north face,ai
6-buyer,authentication,"fake north face jacket vs real",,Unknown,,,,,real-vs-fake,north face,
6-buyer,authentication,"how to spot fake north face jacket",,Unknown,,,,,how-to-spot,north face,
6-buyer,authentication,"north face authenticity check",,Unknown,,,,,tool-noun,north face,ai
6-buyer,authentication,"how to tell if a carhartt is fake",,Unknown,,,,,how-to-tell,carhartt,
6-buyer,authentication,"carhartt real vs fake logo",,Unknown,,,,,real-vs-fake,carhartt,
6-buyer,authentication,"fake carhartt tag",,Unknown,,,,,fake-attribute,carhartt,
6-buyer,authentication,"how to spot fake carhartt jacket",,Unknown,,,,,how-to-spot,carhartt,
6-buyer,authentication,"carhartt authenticity check",,Unknown,,,,,tool-noun,carhartt,ai
6-buyer,authentication,"how to tell if a patagonia is fake",,Unknown,,,,,how-to-tell,patagonia,
6-buyer,authentication,"patagonia real vs fake",,Unknown,,,,,real-vs-fake,patagonia,
6-buyer,authentication,"fake patagonia bags",,Unknown,,,,,fake-attribute,patagonia,
6-buyer,authentication,"how to spot fake patagonia cap",,Unknown,,,,,how-to-spot,patagonia,
6-buyer,authentication,"patagonia authenticity check online",,Unknown,,,,,tool-noun,patagonia,
6-buyer,authentication,"how to tell if a nike is fake",,Unknown,,,,,how-to-tell,nike,
6-buyer,authentication,"nike real vs fake",,Unknown,,,,,real-vs-fake,nike,
6-buyer,authentication,"fake nike tech vs real",,Unknown,,,,,real-vs-fake,nike,
6-buyer,authentication,"how to spot fake nike mid 001",,Unknown,,,,,how-to-spot,nike,
6-buyer,authentication,"nike authenticity check online",,Unknown,,,,,tool-noun,nike,
6-buyer,authentication,"how to tell if a adidas jersey is real",,Unknown,,,,,how-to-tell,adidas,
6-buyer,authentication,"adidas real vs fake",,Unknown,,,,,real-vs-fake,adidas,
6-buyer,authentication,"fake adidas vs real",,Unknown,,,,,real-vs-fake,adidas,
6-buyer,authentication,"how to spot fake adidas samba",,Unknown,,,,,how-to-spot,adidas,
6-buyer,authentication,"adidas authenticity check online",,Unknown,,,,,tool-noun,adidas,
6-buyer,authentication,"how to tell if a supreme is real",,Unknown,,,,,how-to-tell,supreme,
6-buyer,authentication,"supreme real vs fake",,Unknown,,,,,real-vs-fake,supreme,
6-buyer,authentication,"fake supreme socks vs real",,Unknown,,,,,real-vs-fake,supreme,
6-buyer,authentication,"how to spot fake supreme socks",,Unknown,,,,,how-to-spot,supreme,
6-buyer,authentication,"supreme authenticity check",,Unknown,,,,,tool-noun,supreme,
6-buyer,authentication,"how to tell if a stone island is real",,Unknown,,,,,how-to-tell,stone island,
6-buyer,authentication,"stone island real vs fake",,Unknown,,,,,real-vs-fake,stone island,
6-buyer,authentication,"fake stone island vs real",,Unknown,,,,,real-vs-fake,stone island,
6-buyer,authentication,"how to spot fake stone island badge",,Unknown,,,,,how-to-spot,stone island,
6-buyer,authentication,"stone island authenticity check",,Unknown,,,,,tool-noun,stone island,ai
6-buyer,authentication,"how to tell if a moncler is real",,Unknown,,,,,how-to-tell,moncler,
6-buyer,authentication,"moncler real vs fake",,Unknown,,,,,real-vs-fake,moncler,
6-buyer,authentication,"fake moncler jacket vs real",,Unknown,,,,,real-vs-fake,moncler,
6-buyer,authentication,"how to spot fake moncler jacket",,Unknown,,,,,how-to-spot,moncler,
6-buyer,authentication,"moncler authenticity check",,Unknown,,,,,tool-noun,moncler,clean
6-buyer,authentication,"canada goose real vs fake",,Unknown,,,,,real-vs-fake,canada goose,
6-buyer,authentication,"fake canada goose vs real",,Unknown,,,,,real-vs-fake,canada goose,
6-buyer,authentication,"how to spot fake canada goose jacket",,Unknown,,,,,how-to-spot,canada goose,
6-buyer,authentication,"canada goose authenticity check",,Unknown,,,,,tool-noun,canada goose,
6-buyer,authentication,"how to tell if arc teryx is fake",,Unknown,,,,,how-to-tell,arc'teryx,
6-buyer,authentication,"arc teryx real vs fake",,Unknown,,,,,real-vs-fake,arc'teryx,
6-buyer,authentication,"fake arc'teryx beanie vs real",,Unknown,,,,,real-vs-fake,arc'teryx,
6-buyer,authentication,"how to spot fake arc teryx",,Unknown,,,,,how-to-spot,arc'teryx,
6-buyer,authentication,"arc'teryx authenticity check",,Unknown,,,,,tool-noun,arc'teryx,
6-buyer,authentication,"how to know if levi's is original",,Unknown,,,,,how-to-tell,levis,
6-buyer,authentication,"levis real vs fake",,Unknown,,,,,real-vs-fake,levis,
6-buyer,authentication,"fake levis jacket vs real",,Unknown,,,,,real-vs-fake,levis,
6-buyer,authentication,"how to spot fake levis 501",,Unknown,,,,,how-to-spot,levis,
6-buyer,authentication,"levi's authenticity",,Unknown,,,,,other,levis,
6-buyer,authentication,"how to tell if a ralph lauren is fake",,Unknown,,,,,how-to-tell,ralph lauren,
6-buyer,authentication,"ralph lauren real vs fake",,Unknown,,,,,real-vs-fake,ralph lauren,
6-buyer,authentication,"fake ralph lauren vs real",,Unknown,,,,,real-vs-fake,ralph lauren,
6-buyer,authentication,"how to spot fake ralph lauren polo shirt",,Unknown,,,,,how-to-spot,ralph lauren,
6-buyer,authentication,"ralph lauren authenticity check without qr code",,Unknown,,,,,tool-noun,ralph lauren,
6-buyer,authentication,"how to tell if a lululemon is fake",,Unknown,,,,,how-to-tell,lululemon,
6-buyer,authentication,"lululemon real vs fake",,Unknown,,,,,real-vs-fake,lululemon,
6-buyer,authentication,"fake lululemon tag",,Unknown,,,,,fake-attribute,lululemon,
6-buyer,authentication,"how to spot fake lululemon leggings",,Unknown,,,,,how-to-spot,lululemon,
6-buyer,authentication,"lululemon authenticity check",,Unknown,,,,,tool-noun,lululemon,ai
6-buyer,authentication,"how to tell if a louis vuitton is real",,Unknown,,,,,how-to-tell,louis vuitton,
6-buyer,authentication,"louis vuitton real vs fake",,Unknown,,,,,real-vs-fake,louis vuitton,
6-buyer,authentication,"fake louis vuitton vs real",,Unknown,,,,,real-vs-fake,louis vuitton,
6-buyer,authentication,"how to spot fake louis vuitton bag",,Unknown,,,,,how-to-spot,louis vuitton,
6-buyer,authentication,"louis vuitton authenticity check",,Unknown,,,,,tool-noun,louis vuitton,
6-buyer,authentication,"how to tell if a gucci is real",,Unknown,,,,,how-to-tell,gucci,
6-buyer,authentication,"gucci real vs fake",,Unknown,,,,,real-vs-fake,gucci,
6-buyer,authentication,"fake gucci vs real",,Unknown,,,,,real-vs-fake,gucci,
6-buyer,authentication,"how to spot fake gucci sunglasses",,Unknown,,,,,how-to-spot,gucci,
6-buyer,authentication,"gucci authenticity check online",,Unknown,,,,,tool-noun,gucci,
6-buyer,authentication,"how to tell if a burberry is real",,Unknown,,,,,how-to-tell,burberry,
6-buyer,authentication,"burberry real vs fake",,Unknown,,,,,real-vs-fake,burberry,
6-buyer,authentication,"fake burberry shirt vs real",,Unknown,,,,,real-vs-fake,burberry,
6-buyer,authentication,"how to spot fake burberry bag",,Unknown,,,,,how-to-spot,burberry,
6-buyer,authentication,"burberry authenticity check",,Unknown,,,,,tool-noun,burberry,
6-buyer,authentication,"how to tell if a coach is real",,Unknown,,,,,how-to-tell,coach,
6-buyer,authentication,"coach real vs fake",,Unknown,,,,,real-vs-fake,coach,
6-buyer,authentication,"fake coach bag vs real",,Unknown,,,,,real-vs-fake,coach,
6-buyer,authentication,"how to spot fake coach bag",,Unknown,,,,,how-to-spot,coach,
6-buyer,authentication,"coach authenticity check",,Unknown,,,,,tool-noun,coach,
6-buyer,authentication,"how to tell if a michael kors is real",,Unknown,,,,,how-to-tell,michael kors,
6-buyer,authentication,"michael kors real vs fake",,Unknown,,,,,real-vs-fake,michael kors,
6-buyer,authentication,"fake michael kors purse vs real",,Unknown,,,,,real-vs-fake,michael kors,
6-buyer,authentication,"how to spot fake michael kors bag",,Unknown,,,,,how-to-spot,michael kors,
6-buyer,authentication,"michael kors authenticity check",,Unknown,,,,,tool-noun,michael kors,
6-buyer,authentication,"how to tell if a ugg is fake",,Unknown,,,,,how-to-tell,uggs,
6-buyer,authentication,"uggs real vs fake",,Unknown,,,,,real-vs-fake,uggs,
6-buyer,authentication,"fake uggs vs real uggs",,Unknown,,,,,real-vs-fake,uggs,
6-buyer,authentication,"how to spot fake uggs pictures",,Unknown,,,,,how-to-spot,uggs,
6-buyer,authentication,"uggs authenticity",,Unknown,,,,,other,uggs,
6-buyer,authentication,"how to tell if a jordan is fake",,Unknown,,,,,how-to-tell,jordan,
6-buyer,authentication,"jordan real vs fake",,Unknown,,,,,real-vs-fake,jordan,
6-buyer,authentication,"fake jordan logo",,Unknown,,,,,fake-attribute,jordan,
6-buyer,authentication,"how to spot fake jordan 4",,Unknown,,,,,how-to-spot,jordan,
6-buyer,authentication,"jordan authenticity check online",,Unknown,,,,,tool-noun,jordan,
6-buyer,authentication,"how to spot a fake needoh",,Unknown,,,,,how-to-spot,,
6-buyer,authentication,"authenticity check perfume",,Unknown,,,,,tool-noun,,
6-buyer,authentication,"legit check app",,Unknown,,,,,tool-noun,,ai
6-buyer,authentication,"real vs fake dumpling",,Unknown,,,,,real-vs-fake,,
6-buyer,authentication,"how to authenticate a louis vuitton bag",,Unknown,,,,,other,,
6-buyer,authentication,"is my jacket real leather",,Unknown,,,,,other,,
6-buyer,authentication,"clothing authentication app",,Unknown,,,,,other,,
6-buyer,authentication,"how to tell if a north face is real",,Unknown,,,,,how-to-tell,north face,
6-buyer,authentication,"north face real vs fake tag",,Unknown,,,,,real-vs-fake,north face,
6-buyer,authentication,"fake north face 700 vs real",,Unknown,,,,,real-vs-fake,north face,
6-buyer,authentication,"how to spot fake north face t shirt",,Unknown,,,,,how-to-spot,north face,
6-buyer,authentication,"north face authenticity code check app",,Unknown,,,,,other,north face,
6-buyer,authentication,"carhartt real vs fake",,Unknown,,,,,real-vs-fake,carhartt,
6-buyer,authentication,"fake carhartt detroit",,Unknown,,,,,fake-attribute,carhartt,
6-buyer,authentication,"how to spot fake carhartt pants",,Unknown,,,,,how-to-spot,carhartt,
6-buyer,authentication,"carhartt authenticity check online",,Unknown,,,,,tool-noun,carhartt,
6-buyer,authentication,"how to tell if a patagonia is real",,Unknown,,,,,how-to-tell,patagonia,
6-buyer,authentication,"patagonia real vs fake logo",,Unknown,,,,,real-vs-fake,patagonia,
6-buyer,authentication,"fake patagonia sling bag",,Unknown,,,,,fake-attribute,patagonia,
6-buyer,authentication,"how to spot fake patagonia bag",,Unknown,,,,,how-to-spot,patagonia,
6-buyer,authentication,"patagonia authenticity check",,Unknown,,,,,tool-noun,patagonia,ai
6-buyer,authentication,"nike real vs fake logo",,Unknown,,,,,real-vs-fake,nike,
6-buyer,authentication,"fake nike socks vs real",,Unknown,,,,,real-vs-fake,nike,
6-buyer,authentication,"how to spot fake nike shoes",,Unknown,,,,,how-to-spot,nike,
6-buyer,authentication,"nike authenticity check",,Unknown,,,,,tool-noun,nike,
6-buyer,authentication,"how to tell if a adidas jersey is fake",,Unknown,,,,,how-to-tell,adidas,
6-buyer,authentication,"adidas real vs fake logo",,Unknown,,,,,real-vs-fake,adidas,
6-buyer,authentication,"fake adidas jersey vs real",,Unknown,,,,,real-vs-fake,adidas,
6-buyer,authentication,"how to spot fake adidas shoes",,Unknown,,,,,how-to-spot,adidas,
6-buyer,authentication,"adidas authenticity check code",,Unknown,,,,,tool-noun,adidas,
6-buyer,authentication,"how to tell if a supreme hoodie is real",,Unknown,,,,,how-to-tell,supreme,
6-buyer,authentication,"supreme real vs fake tag",,Unknown,,,,,real-vs-fake,supreme,
6-buyer,authentication,"fake supreme tag",,Unknown,,,,,fake-attribute,supreme,
6-buyer,authentication,"how to spot fake supreme hoodie",,Unknown,,,,,how-to-spot,supreme,
6-buyer,authentication,"supreme authenticity",,Unknown,,,,,other,supreme,
6-buyer,authentication,"how to tell if a stone island is fake",,Unknown,,,,,how-to-tell,stone island,
6-buyer,authentication,"stone island real vs fake badge",,Unknown,,,,,real-vs-fake,stone island,
6-buyer,authentication,"fake stone island label",,Unknown,,,,,fake-attribute,stone island,
6-buyer,authentication,"how to spot fake stone island jacket",,Unknown,,,,,how-to-spot,stone island,
6-buyer,authentication,"stone island authenticity tag",,Unknown,,,,,other,stone island,
6-buyer,authentication,"how to tell if a moncler is fake",,Unknown,,,,,how-to-tell,moncler,
6-buyer,authentication,"moncler real vs fake logo",,Unknown,,,,,real-vs-fake,moncler,
6-buyer,authentication,"fake moncler vs real",,Unknown,,,,,real-vs-fake,moncler,
6-buyer,authentication,"how to spot fake moncler t shirt",,Unknown,,,,,how-to-spot,moncler,
6-buyer,authentication,"moncler authenticity tag",,Unknown,,,,,other,moncler,
6-buyer,authentication,"how to tell if a canada goose is fake",,Unknown,,,,,how-to-tell,canada goose,
6-buyer,authentication,"canada goose real vs fake logo",,Unknown,,,,,real-vs-fake,canada goose,
6-buyer,authentication,"fake canada goose jacket vs real",,Unknown,,,,,real-vs-fake,canada goose,
6-buyer,authentication,"how to spot fake canada goose",,Unknown,,,,,how-to-spot,canada goose,
6-buyer,authentication,"canada goose authenticity",,Unknown,,,,,other,canada goose,
6-buyer,authentication,"how to tell if arc teryx is real",,Unknown,,,,,how-to-tell,arc'teryx,
6-buyer,authentication,"arc teryx real vs fake beanie",,Unknown,,,,,real-vs-fake,arc'teryx,
6-buyer,authentication,"fake arc teryx beanie",,Unknown,,,,,fake-attribute,arc'teryx,
6-buyer,authentication,"how to spot fake arc teryx beanie",,Unknown,,,,,how-to-spot,arc'teryx,
6-buyer,authentication,"arc'teryx authenticity",,Unknown,,,,,other,arc'teryx,
6-buyer,authentication,"how to know if a levis is fake",,Unknown,,,,,how-to-tell,levis,
6-buyer,authentication,"levis original vs fake",,Unknown,,,,,real-vs-fake,levis,
6-buyer,authentication,"fake levis vs real",,Unknown,,,,,real-vs-fake,levis,
6-buyer,authentication,"how to spot fake levis jacket",,Unknown,,,,,how-to-spot,levis,
6-buyer,authentication,"levi's authenticity check",,Unknown,,,,,tool-noun,levis,
6-buyer,authentication,"how to tell if a ralph lauren is real",,Unknown,,,,,how-to-tell,ralph lauren,
6-buyer,authentication,"ralph lauren real vs fake logo",,Unknown,,,,,real-vs-fake,ralph lauren,
6-buyer,authentication,"fake ralph lauren vs real tag",,Unknown,,,,,real-vs-fake,ralph lauren,
6-buyer,authentication,"how to spot fake ralph lauren shirt",,Unknown,,,,,how-to-spot,ralph lauren,
6-buyer,authentication,"ralph lauren authenticity check qr code",,Unknown,,,,,tool-noun,ralph lauren,
6-buyer,authentication,"how to tell if a lululemon is real",,Unknown,,,,,how-to-tell,lululemon,
6-buyer,authentication,"lululemon real vs fake logo",,Unknown,,,,,real-vs-fake,lululemon,
6-buyer,authentication,"fake lululemon vs real",,Unknown,,,,,real-vs-fake,lululemon,
6-buyer,authentication,"how to spot fake lululemon define jacket",,Unknown,,,,,how-to-spot,lululemon,
6-buyer,authentication,"lululemon authenticity",,Unknown,,,,,other,lululemon,
6-buyer,authentication,"how to tell if a louis vuitton is fake",,Unknown,,,,,how-to-tell,louis vuitton,
6-buyer,authentication,"louis vuitton real vs fake wallet",,Unknown,,,,,real-vs-fake,louis vuitton,
6-buyer,authentication,"fake louis vuitton vs real bag",,Unknown,,,,,real-vs-fake,louis vuitton,
6-buyer,authentication,"how to spot fake louis vuitton wallet",,Unknown,,,,,how-to-spot,louis vuitton,
6-buyer,authentication,"louis vuitton authenticity card",,Unknown,,,,,other,louis vuitton,
6-buyer,authentication,"how to tell if a gucci is fake",,Unknown,,,,,how-to-tell,gucci,
6-buyer,authentication,"gucci real vs fake logo",,Unknown,,,,,real-vs-fake,gucci,
6-buyer,authentication,"fake gucci sunglasses vs real",,Unknown,,,,,real-vs-fake,gucci,
6-buyer,authentication,"how to spot fake gucci bag",,Unknown,,,,,how-to-spot,gucci,
6-buyer,authentication,"gucci authenticity check",,Unknown,,,,,tool-noun,gucci,
6-buyer,authentication,"how to tell if a burberry is authentic",,Unknown,,,,,how-to-tell,burberry,
6-buyer,authentication,"burberry real vs fake tag",,Unknown,,,,,real-vs-fake,burberry,
6-buyer,authentication,"fake burberry vs real",,Unknown,,,,,real-vs-fake,burberry,
6-buyer,authentication,"how to spot fake burberry shoes",,Unknown,,,,,how-to-spot,burberry,
6-buyer,authentication,"burberry authentication card",,Unknown,,,,,other,burberry,
6-buyer,authentication,"how to tell if a coach is fake",,Unknown,,,,,how-to-tell,coach,
6-buyer,authentication,"coach real vs fake logo",,Unknown,,,,,real-vs-fake,coach,
6-buyer,authentication,"fake coach vs real",,Unknown,,,,,real-vs-fake,coach,
6-buyer,authentication,"how to spot fake coach purse",,Unknown,,,,,how-to-spot,coach,
6-buyer,authentication,"coach authenticity card",,Unknown,,,,,other,coach,
6-buyer,authentication,"how to tell if a michael kors is fake",,Unknown,,,,,how-to-tell,michael kors,
6-buyer,authentication,"michael kors real vs fake watch",,Unknown,,,,,real-vs-fake,michael kors,
6-buyer,authentication,"fake michael kors wallet vs real",,Unknown,,,,,real-vs-fake,michael kors,
6-buyer,authentication,"how to spot fake michael kors watch",,Unknown,,,,,how-to-spot,michael kors,
6-buyer,authentication,"michael kors authenticity tag",,Unknown,,,,,other,michael kors,
6-buyer,authentication,"how to tell if ugg is real",,Unknown,,,,,how-to-tell,uggs,
6-buyer,authentication,"ugg real vs fake logo",,Unknown,,,,,real-vs-fake,uggs,
6-buyer,authentication,"fake uggs kids",,Unknown,,,,,fake-attribute,uggs,
6-buyer,authentication,"how to spot fake uggs on vinted",,Unknown,,,,,how-to-spot,uggs,
6-buyer,authentication,"ugg authenticity check online",,Unknown,,,,,tool-noun,uggs,
6-buyer,authentication,"how to tell if a jordan is real",,Unknown,,,,,how-to-tell,jordan,
6-buyer,authentication,"jordan real vs fake logo",,Unknown,,,,,real-vs-fake,jordan,
6-buyer,authentication,"fake jordan logo meme",,Unknown,,,,,fake-attribute,jordan,
6-buyer,authentication,"how to spot fake jordan 1 low",,Unknown,,,,,how-to-spot,jordan,
6-buyer,authentication,"jordan authenticity check qr code",,Unknown,,,,,tool-noun,jordan,
6-buyer,authentication,"how to spot a fake rolex",,Unknown,,,,,how-to-spot,,
6-buyer,authentication,"authenticity check prolific",,Unknown,,,,,tool-noun,,
6-buyer,authentication,"legit check shoes",,Unknown,,,,,tool-noun,,
6-buyer,authentication,"real vs fake art acnh",,Unknown,,,,,real-vs-fake,,
6-buyer,authentication,"how to authenticate coach bag",,Unknown,,,,,other,,
6-buyer,authentication,"is my moncler jacket real",,Unknown,,,,,other,,
6-buyer,authentication,"clothing authentication near me",,Unknown,,,,,other,,
6-buyer,authentication,"how to check if a north face is real",,Unknown,,,,,how-to-tell,north face,
6-buyer,authentication,"north face real vs fake logo",,Unknown,,,,,real-vs-fake,north face,
6-buyer,authentication,"fake north face vs real",,Unknown,,,,,real-vs-fake,north face,
6-buyer,authentication,"how to spot fake north face backpack",,Unknown,,,,,how-to-spot,north face,
6-buyer,authentication,"north face authenticity code",,Unknown,,,,,other,north face,
6-buyer,authentication,"how to tell if a carhartt is real",,Unknown,,,,,how-to-tell,carhartt,
6-buyer,authentication,"carhartt real vs fake tag",,Unknown,,,,,real-vs-fake,carhartt,
6-buyer,authentication,"fake carhartt logo",,Unknown,,,,,fake-attribute,carhartt,
6-buyer,authentication,"how to spot fake carhartt shirt",,Unknown,,,,,how-to-spot,carhartt,
6-buyer,authentication,"carhartt authenticity",,Unknown,,,,,other,carhartt,
6-buyer,authentication,"how to tell if a patagonia fleece is real",,Unknown,,,,,how-to-tell,patagonia,
6-buyer,authentication,"patagonia real or fake",,Unknown,,,,,other,patagonia,
6-buyer,authentication,"fake patagonia on ebay",,Unknown,,,,,fake-attribute,patagonia,
6-buyer,authentication,"how to spot fake patagonia baggies",,Unknown,,,,,how-to-spot,patagonia,
6-buyer,authentication,"patagonia authenticity",,Unknown,,,,,other,patagonia,
6-buyer,authentication,"how to tell if a nike is real",,Unknown,,,,,how-to-tell,nike,
6-buyer,authentication,"nike real vs fake shoes",,Unknown,,,,,real-vs-fake,nike,
6-buyer,authentication,"fake nike vs real",,Unknown,,,,,real-vs-fake,nike,
6-buyer,authentication,"how to spot fake nike dunks",,Unknown,,,,,how-to-spot,nike,
6-buyer,authentication,"nike authenticity check qr code",,Unknown,,,,,tool-noun,nike,
6-buyer,authentication,"how to tell if adidas is fake",,Unknown,,,,,how-to-tell,adidas,
6-buyer,authentication,"adidas real vs fake tag",,Unknown,,,,,real-vs-fake,adidas,
6-buyer,authentication,"fake adidas sambas vs real",,Unknown,,,,,real-vs-fake,adidas,
6-buyer,authentication,"how to spot fake adidas jersey",,Unknown,,,,,how-to-spot,adidas,
6-buyer,authentication,"adidas authenticity check qr code",,Unknown,,,,,tool-noun,adidas,
6-buyer,authentication,"how to tell if a supreme shirt is real",,Unknown,,,,,how-to-tell,supreme,
6-buyer,authentication,"supreme real vs fake hoodie",,Unknown,,,,,real-vs-fake,supreme,
6-buyer,authentication,"fake supreme vs real",,Unknown,,,,,real-vs-fake,supreme,
6-buyer,authentication,"how to spot fake supreme af1",,Unknown,,,,,how-to-spot,supreme,
6-buyer,authentication,"supreme authentic tag",,Unknown,,,,,other,supreme,
6-buyer,authentication,"how to know if a stone island is fake",,Unknown,,,,,how-to-tell,stone island,
6-buyer,authentication,"stone island real vs fake tag",,Unknown,,,,,real-vs-fake,stone island,
6-buyer,authentication,"fake stone island tag",,Unknown,,,,,fake-attribute,stone island,
6-buyer,authentication,"how to spot fake stone island t shirt",,Unknown,,,,,how-to-spot,stone island,
6-buyer,authentication,"stone island authenticity check online",,Unknown,,,,,tool-noun,stone island,
6-buyer,authentication,"how to tell if a moncler is real or fake",,Unknown,,,,,how-to-tell,moncler,
6-buyer,authentication,"moncler real vs fake tag",,Unknown,,,,,real-vs-fake,moncler,
6-buyer,authentication,"fake moncler logo vs real",,Unknown,,,,,real-vs-fake,moncler,
6-buyer,authentication,"how to spot fake moncler polo",,Unknown,,,,,how-to-spot,moncler,
6-buyer,authentication,"moncler authenticity check online",,Unknown,,,,,tool-noun,moncler,
6-buyer,authentication,"how to tell if a canada goose is real",,Unknown,,,,,how-to-tell,canada goose,
6-buyer,authentication,"canada goose real vs fake badge",,Unknown,,,,,real-vs-fake,canada goose,
6-buyer,authentication,"fake canada goose badge",,Unknown,,,,,fake-attribute,canada goose,
6-buyer,authentication,"how to spot fake canada goose vest",,Unknown,,,,,how-to-spot,canada goose,
6-buyer,authentication,"canada goose authenticity check online",,Unknown,,,,,tool-noun,canada goose,
6-buyer,authentication,"how to tell if arc teryx is real or fake",,Unknown,,,,,how-to-tell,arc'teryx,
6-buyer,authentication,"arc teryx real or fake",,Unknown,,,,,other,arc'teryx,
6-buyer,authentication,"fake arc teryx vs real",,Unknown,,,,,real-vs-fake,arc'teryx,
6-buyer,authentication,"how to spot fake arc teryx alpha sv",,Unknown,,,,,how-to-spot,arc'teryx,
6-buyer,authentication,"arc teryx authenticity check online",,Unknown,,,,,tool-noun,arc'teryx,
6-buyer,authentication,"levis original vs fake jeans",,Unknown,,,,,real-vs-fake,levis,
6-buyer,authentication,"how to spot fake levis on vinted",,Unknown,,,,,how-to-spot,levis,
6-buyer,authentication,"levi's authenticity check online",,Unknown,,,,,tool-noun,levis,
6-buyer,authentication,"how to tell if a ralph lauren shirt is real",,Unknown,,,,,how-to-tell,ralph lauren,
6-buyer,authentication,"ralph lauren real vs fake tag",,Unknown,,,,,real-vs-fake,ralph lauren,
6-buyer,authentication,"fake ralph lauren polo vs real",,Unknown,,,,,real-vs-fake,ralph lauren,
6-buyer,authentication,"how to spot fake ralph lauren purple label",,Unknown,,,,,how-to-spot,ralph lauren,
6-buyer,authentication,"ralph lauren authenticity check",,Unknown,,,,,tool-noun,ralph lauren,
6-buyer,authentication,"how to tell if a lululemon jacket is fake",,Unknown,,,,,how-to-tell,lululemon,
6-buyer,authentication,"lululemon real vs fake define jacket",,Unknown,,,,,real-vs-fake,lululemon,
6-buyer,authentication,"fake lululemon logo",,Unknown,,,,,fake-attribute,lululemon,
6-buyer,authentication,"how to spot fake lululemon shorts",,Unknown,,,,,how-to-spot,lululemon,
6-buyer,authentication,"lululemon authenticity check online",,Unknown,,,,,tool-noun,lululemon,
6-buyer,authentication,"how to tell if a louis vuitton is real or fake",,Unknown,,,,,how-to-tell,louis vuitton,
6-buyer,authentication,"louis vuitton real vs fake shoes",,Unknown,,,,,real-vs-fake,louis vuitton,
6-buyer,authentication,"fake louis vuitton vs real belt",,Unknown,,,,,real-vs-fake,louis vuitton,
6-buyer,authentication,"how to spot fake louis vuitton shoes",,Unknown,,,,,how-to-spot,louis vuitton,
6-buyer,authentication,"louis vuitton authenticity check code",,Unknown,,,,,tool-noun,louis vuitton,
6-buyer,authentication,"how to tell if a gucci is real or fake",,Unknown,,,,,how-to-tell,gucci,
6-buyer,authentication,"gucci real vs fake sunglasses",,Unknown,,,,,real-vs-fake,gucci,
6-buyer,authentication,"how to spot fake gucci shoes",,Unknown,,,,,how-to-spot,gucci,
6-buyer,authentication,"gucci authenticity card",,Unknown,,,,,other,gucci,
6-buyer,authentication,"how to tell if a burberry is fake",,Unknown,,,,,how-to-tell,burberry,
6-buyer,authentication,"burberry real vs fake scarf",,Unknown,,,,,real-vs-fake,burberry,
6-buyer,authentication,"fake burberry shoes vs real",,Unknown,,,,,real-vs-fake,burberry,
6-buyer,authentication,"how to spot fake burberry sunglasses",,Unknown,,,,,how-to-spot,burberry,
6-buyer,authentication,"burberry authenticity code check online",,Unknown,,,,,other,burberry,
6-buyer,authentication,"how to tell if a coach is authentic",,Unknown,,,,,how-to-tell,coach,
6-buyer,authentication,"coach real vs fake tag",,Unknown,,,,,real-vs-fake,coach,
6-buyer,authentication,"fake coach purse vs real",,Unknown,,,,,real-vs-fake,coach,
6-buyer,authentication,"how to spot fake coach wallet",,Unknown,,,,,how-to-spot,coach,
6-buyer,authentication,"coach authenticity card check",,Unknown,,,,,other,coach,
6-buyer,authentication,"how to tell if a michael kors is real or fake",,Unknown,,,,,how-to-tell,michael kors,
6-buyer,authentication,"michael kors real vs fake bag",,Unknown,,,,,real-vs-fake,michael kors,
6-buyer,authentication,"fake michael kors bag vs real",,Unknown,,,,,real-vs-fake,michael kors,
6-buyer,authentication,"how to spot fake michael kors wallet",,Unknown,,,,,how-to-spot,michael kors,
6-buyer,authentication,"michael kors authenticity code",,Unknown,,,,,other,michael kors,
6-buyer,authentication,"how to tell if ugg is genuine",,Unknown,,,,,how-to-tell,uggs,
6-buyer,authentication,"ugg real vs fake tasman",,Unknown,,,,,real-vs-fake,uggs,
6-buyer,authentication,"fake uggs girls",,Unknown,,,,,fake-attribute,uggs,
6-buyer,authentication,"how to spot fake uggs",,Unknown,,,,,how-to-spot,uggs,
6-buyer,authentication,"ugg authenticity check",,Unknown,,,,,tool-noun,uggs,
6-buyer,authentication,"how to tell if a jordan is real or fake",,Unknown,,,,,how-to-tell,jordan,
6-buyer,authentication,"jordan real vs fake meme",,Unknown,,,,,real-vs-fake,jordan,
6-buyer,authentication,"fake jordan meme",,Unknown,,,,,fake-attribute,jordan,
6-buyer,authentication,"how to spot fake jordan 1",,Unknown,,,,,how-to-spot,jordan,
6-buyer,authentication,"jordan authenticity check",,Unknown,,,,,tool-noun,jordan,
6-buyer,authentication,"how to spot a fake id by state",,Unknown,,,,,how-to-spot,,
6-buyer,authentication,"authenticity check shoes",,Unknown,,,,,tool-noun,,
6-buyer,authentication,"legit check shoes app",,Unknown,,,,,tool-noun,,
6-buyer,authentication,"real vs fake needoh",,Unknown,,,,,real-vs-fake,,
6-buyer,authentication,"how to authenticate ps5",,Unknown,,,,,other,,
6-buyer,authentication,"is my barbour jacket real",,Unknown,,,,,other,,
6-buyer,authentication,"clothing authentication",,Unknown,,,,,other,,
6-buyer,authentication,"how to know if a north face is original",,Unknown,,,,,how-to-tell,north face,
6-buyer,authentication,"north face real or fake",,Unknown,,,,,other,north face,
6-buyer,authentication,"fake north face puffer vs real",,Unknown,,,,,real-vs-fake,north face,
6-buyer,authentication,"how to spot fake north face 700",,Unknown,,,,,how-to-spot,north face,
6-buyer,authentication,"north face authenticity check app",,Unknown,,,,,tool-noun,north face,
6-buyer,authentication,"how to tell if a carhartt jacket is real",,Unknown,,,,,how-to-tell,carhartt,
6-buyer,authentication,"carhartt real vs fake reddit",,Unknown,,,,,real-vs-fake,carhartt,
6-buyer,authentication,"fake carhartt vs real",,Unknown,,,,,real-vs-fake,carhartt,
6-buyer,authentication,"how to spot fake carhartt shorts",,Unknown,,,,,how-to-spot,carhartt,
6-buyer,authentication,"carhartt authenticity checker",,Unknown,,,,,tool-noun,carhartt,
6-buyer,authentication,"how to tell if a patagonia jacket is fake",,Unknown,,,,,how-to-tell,patagonia,
6-buyer,authentication,"patagonia fleece real vs fake",,Unknown,,,,,real-vs-fake,patagonia,
6-buyer,authentication,"fake patagonia logo",,Unknown,,,,,fake-attribute,patagonia,
6-buyer,authentication,"how to spot fake patagonia t shirt",,Unknown,,,,,how-to-spot,patagonia,
6-buyer,authentication,"patagonia authentic tag",,Unknown,,,,,other,patagonia,
6-buyer,authentication,"how to tell if a nike is real or fake",,Unknown,,,,,how-to-tell,nike,
6-buyer,authentication,"nike real vs fake tag",,Unknown,,,,,real-vs-fake,nike,
6-buyer,authentication,"fake nike shoes vs real",,Unknown,,,,,real-vs-fake,nike,
6-buyer,authentication,"how to spot fake nike socks",,Unknown,,,,,how-to-spot,nike,
6-buyer,authentication,"nike authenticity tag",,Unknown,,,,,other,nike,
6-buyer,authentication,"how to tell if adidas is real",,Unknown,,,,,how-to-tell,adidas,
6-buyer,authentication,"adidas real vs fake shoes",,Unknown,,,,,real-vs-fake,adidas,
6-buyer,authentication,"fake adidas campus vs real",,Unknown,,,,,real-vs-fake,adidas,
6-buyer,authentication,"how to spot fake adidas mexico jersey",,Unknown,,,,,how-to-spot,adidas,
6-buyer,authentication,"adidas authenticity check",,Unknown,,,,,tool-noun,adidas,
6-buyer,authentication,"how to tell if a supreme hat is real",,Unknown,,,,,how-to-tell,supreme,
6-buyer,authentication,"real.vs fake supreme t shirt",,Unknown,,,,,real-vs-fake,supreme,
6-buyer,authentication,"fake supreme tag vs real",,Unknown,,,,,real-vs-fake,supreme,
6-buyer,authentication,"how to spot fake supreme backpack",,Unknown,,,,,how-to-spot,supreme,
6-buyer,authentication,"supreme authentic vans",,Unknown,,,,,other,supreme,
6-buyer,authentication,"how to see if a stone island is fake",,Unknown,,,,,other,stone island,
6-buyer,authentication,"stone island real vs fake patch",,Unknown,,,,,real-vs-fake,stone island,
6-buyer,authentication,"fake stone island badge vs real",,Unknown,,,,,real-vs-fake,stone island,
6-buyer,authentication,"how to spot fake stone island jumper",,Unknown,,,,,how-to-spot,stone island,
6-buyer,authentication,"stone island authenticity check qr code",,Unknown,,,,,tool-noun,stone island,
6-buyer,authentication,"how to tell if a moncler is authentic",,Unknown,,,,,how-to-tell,moncler,
6-buyer,authentication,"moncler real vs fake badge",,Unknown,,,,,real-vs-fake,moncler,
6-buyer,authentication,"how to spot fake moncler",,Unknown,,,,,how-to-spot,moncler,
6-buyer,authentication,"moncler authenticity check website",,Unknown,,,,,tool-noun,moncler,
6-buyer,authentication,"how to tell if a canada goose is real or fake",,Unknown,,,,,how-to-tell,canada goose,
6-buyer,authentication,"canada goose real vs fake black badge",,Unknown,,,,,real-vs-fake,canada goose,
6-buyer,authentication,"fake canada goose badge vs real",,Unknown,,,,,real-vs-fake,canada goose,
6-buyer,authentication,"how to spot fake canada goose black label",,Unknown,,,,,how-to-spot,canada goose,
6-buyer,authentication,"canada goose authenticity code",,Unknown,,,,,other,canada goose,
6-buyer,authentication,"how to tell if your arc teryx is fake",,Unknown,,,,,how-to-tell,arc'teryx,
6-buyer,authentication,"arc teryx logo real vs fake",,Unknown,,,,,real-vs-fake,arc'teryx,
6-buyer,authentication,"arc'teryx coat fake",,Unknown,,,,,other,arc'teryx,
6-buyer,authentication,"how to spot fake arc teryx beta lt",,Unknown,,,,,how-to-spot,arc'teryx,
6-buyer,authentication,"arc'teryx authentication code",,Unknown,,,,,other,arc'teryx,
6-buyer,authentication,"levi's real or fake",,Unknown,,,,,other,levis,
6-buyer,authentication,"how to spot fake levis",,Unknown,,,,,how-to-spot,levis,
6-buyer,authentication,"levi's authentic button down",,Unknown,,,,,other,levis,
6-buyer,authentication,"how to tell if a ralph lauren jumper is real",,Unknown,,,,,how-to-tell,ralph lauren,
6-buyer,authentication,"ralph lauren real vs fake label",,Unknown,,,,,real-vs-fake,ralph lauren,
6-buyer,authentication,"fake ralph lauren vs real logo",,Unknown,,,,,real-vs-fake,ralph lauren,
6-buyer,authentication,"how to spot fake ralph lauren bear sweater",,Unknown,,,,,how-to-spot,ralph lauren,
6-buyer,authentication,"ralph lauren authenticity check code",,Unknown,,,,,tool-noun,ralph lauren,
6-buyer,authentication,"how to tell if a lululemon bag is fake",,Unknown,,,,,how-to-tell,lululemon,
6-buyer,authentication,"lululemon real vs fake tag",,Unknown,,,,,real-vs-fake,lululemon,
6-buyer,authentication,"fake lululemon size dot",,Unknown,,,,,fake-attribute,lululemon,
6-buyer,authentication,"how to spot fake lululemon bag",,Unknown,,,,,how-to-spot,lululemon,
6-buyer,authentication,"lululemon authenticity dot",,Unknown,,,,,other,lululemon,
6-buyer,authentication,"how to tell if a louis vuitton is authentic",,Unknown,,,,,how-to-tell,louis vuitton,
6-buyer,authentication,"louis vuitton real vs fake belt",,Unknown,,,,,real-vs-fake,louis vuitton,
6-buyer,authentication,"fake louis vuitton shoes vs real",,Unknown,,,,,real-vs-fake,louis vuitton,
6-buyer,authentication,"how to spot fake louis vuitton cologne",,Unknown,,,,,how-to-spot,louis vuitton,
6-buyer,authentication,"louis vuitton authenticity code",,Unknown,,,,,other,louis vuitton,
6-buyer,authentication,"how to tell if a gucci bag is real",,Unknown,,,,,how-to-tell,gucci,
6-buyer,authentication,"gucci real vs fake wallet",,Unknown,,,,,real-vs-fake,gucci,
6-buyer,authentication,"how to spot fake gucci belt",,Unknown,,,,,how-to-spot,gucci,
6-buyer,authentication,"gucci authenticity check by serial number",,Unknown,,,,,tool-noun,gucci,
6-buyer,authentication,"how to tell if a burberry is real or fake",,Unknown,,,,,how-to-tell,burberry,
6-buyer,authentication,"burberry real vs fake bag",,Unknown,,,,,real-vs-fake,burberry,
6-buyer,authentication,"fake burberry wallet vs real",,Unknown,,,,,real-vs-fake,burberry,
6-buyer,authentication,"how to spot fake burberry scarf",,Unknown,,,,,how-to-spot,burberry,
6-buyer,authentication,"burberry authenticity code check",,Unknown,,,,,other,burberry,
6-buyer,authentication,"how to tell if a coach is real or fake",,Unknown,,,,,how-to-tell,coach,
6-buyer,authentication,"coach real vs fake creed",,Unknown,,,,,real-vs-fake,coach,
6-buyer,authentication,"fake coach tag vs real",,Unknown,,,,,real-vs-fake,coach,
6-buyer,authentication,"how to spot fake coach teri bag",,Unknown,,,,,how-to-spot,coach,
6-buyer,authentication,"coach authenticity patch",,Unknown,,,,,other,coach,
6-buyer,authentication,"how to check if a michael kors is real",,Unknown,,,,,how-to-tell,michael kors,
6-buyer,authentication,"michael kors real vs fake purse",,Unknown,,,,,real-vs-fake,michael kors,
6-buyer,authentication,"fake michael kors watch vs real",,Unknown,,,,,real-vs-fake,michael kors,
6-buyer,authentication,"how to spot fake michael kors",,Unknown,,,,,how-to-spot,michael kors,
6-buyer,authentication,"michael kors authenticity code check",,Unknown,,,,,other,michael kors,
6-buyer,authentication,"how to check if ugg is real",,Unknown,,,,,how-to-tell,uggs,
6-buyer,authentication,"ugg real vs fake sole",,Unknown,,,,,real-vs-fake,uggs,
6-buyer,authentication,"fake uggs that say ugg",,Unknown,,,,,fake-attribute,uggs,
6-buyer,authentication,"how to spot fake uggs tasman",,Unknown,,,,,how-to-spot,uggs,
6-buyer,authentication,"ugg authenticity tag",,Unknown,,,,,other,uggs,
6-buyer,authentication,"how to check if a jordan is real",,Unknown,,,,,how-to-tell,jordan,
6-buyer,authentication,"jordan original vs fake",,Unknown,,,,,real-vs-fake,jordan,
6-buyer,authentication,"fake jordan logo vs real",,Unknown,,,,,real-vs-fake,jordan,
6-buyer,authentication,"how to spot fake jordan 11 low",,Unknown,,,,,how-to-spot,jordan,
6-buyer,authentication,"jordan authenticity",,Unknown,,,,,other,jordan,
6-buyer,authentication,"how to spot a fake pokemon card",,Unknown,,,,,how-to-spot,,
6-buyer,authentication,"authenticity check app",,Unknown,,,,,tool-noun,,
6-buyer,authentication,"legit check by ch",,Unknown,,,,,tool-noun,,
6-buyer,authentication,"real vs fake dumpling squishy",,Unknown,,,,,real-vs-fake,,
6-buyer,authentication,"how to authenticate louis vuitton",,Unknown,,,,,other,,
6-buyer,authentication,"is my carhartt jacket real",,Unknown,,,,,other,,
6-buyer,authentication,"clothing authentication service",,Unknown,,,,,tool-noun,,clean
6-buyer,authentication,"how to tell if a north face jacket is fake",,Unknown,,,,,how-to-tell,north face,
6-buyer,authentication,"north face 700 real vs fake",,Unknown,,,,,real-vs-fake,north face,
6-buyer,authentication,"how to spot fake north face summit series",,Unknown,,,,,how-to-spot,north face,
6-buyer,authentication,"north face authenticity check online",,Unknown,,,,,tool-noun,north face,
6-buyer,authentication,"how to tell if a carhartt jacket is fake",,Unknown,,,,,how-to-tell,carhartt,
6-buyer,authentication,"carhartt original vs fake",,Unknown,,,,,real-vs-fake,carhartt,
6-buyer,authentication,"fake carhartt jacket vs real",,Unknown,,,,,real-vs-fake,carhartt,
6-buyer,authentication,"how to spot fake carhartt hoodie",,Unknown,,,,,how-to-spot,carhartt,
6-buyer,authentication,"carhartt authenticity check online free",,Unknown,,,,,tool-noun,carhartt,
6-buyer,authentication,"how to tell if a patagonia bag is fake",,Unknown,,,,,how-to-tell,patagonia,
6-buyer,authentication,"patagonia synchilla real vs fake",,Unknown,,,,,real-vs-fake,patagonia,
6-buyer,authentication,"fake patagonia tag",,Unknown,,,,,fake-attribute,patagonia,
6-buyer,authentication,"how to spot fake patagonia atom sling",,Unknown,,,,,how-to-spot,patagonia,
6-buyer,authentication,"patagonia authentic leadership",,Unknown,,,,,other,patagonia,
6-buyer,authentication,"how to know if a nike is original",,Unknown,,,,,how-to-tell,nike,
6-buyer,authentication,"nike real or fake",,Unknown,,,,,other,nike,
6-buyer,authentication,"how to spot fake nike mind",,Unknown,,,,,how-to-spot,nike,
6-buyer,authentication,"nike authenticity check jersey",,Unknown,,,,,tool-noun,nike,
6-buyer,authentication,"adidas original vs fake",,Unknown,,,,,real-vs-fake,adidas,
6-buyer,authentication,"fake adidas superstar vs original",,Unknown,,,,,fake-attribute,adidas,
6-buyer,authentication,"how to spot fake adidas spezial",,Unknown,,,,,how-to-spot,adidas,
6-buyer,authentication,"adidas authenticity tag",,Unknown,,,,,other,adidas,
6-buyer,authentication,"how to tell if a supreme bag is real",,Unknown,,,,,how-to-tell,supreme,
6-buyer,authentication,"supreme real vs fake shirt",,Unknown,,,,,real-vs-fake,supreme,
6-buyer,authentication,"how to spot fake supreme t shirt",,Unknown,,,,,how-to-spot,supreme,
6-buyer,authentication,"supreme authentic t shirt",,Unknown,,,,,other,supreme,
6-buyer,authentication,"how to tell if a stone island jumper is real",,Unknown,,,,,how-to-tell,stone island,
6-buyer,authentication,"stone island real vs fake buttons",,Unknown,,,,,real-vs-fake,stone island,
6-buyer,authentication,"fake stone island buttons",,Unknown,,,,,fake-attribute,stone island,
6-buyer,authentication,"how to spot fake stone island",,Unknown,,,,,how-to-spot,stone island,
6-buyer,authentication,"stone island authenticity code",,Unknown,,,,,other,stone island,
6-buyer,authentication,"how to tell if a moncler is real or not",,Unknown,,,,,how-to-tell,moncler,
6-buyer,authentication,"moncler real vs fake jacket",,Unknown,,,,,real-vs-fake,moncler,
6-buyer,authentication,"how to spot fake moncler maya",,Unknown,,,,,how-to-spot,moncler,
6-buyer,authentication,"moncler authenticity",,Unknown,,,,,other,moncler,
6-buyer,authentication,"how to tell if a canada goose is real or not",,Unknown,,,,,how-to-tell,canada goose,
6-buyer,authentication,"canada goose real vs fake fur",,Unknown,,,,,real-vs-fake,canada goose,
6-buyer,authentication,"how to spot fake canada goose macmillan",,Unknown,,,,,how-to-spot,canada goose,
6-buyer,authentication,"canada goose authenticity tag",,Unknown,,,,,other,canada goose,
6-buyer,authentication,"how to check if arc'teryx is fake",,Unknown,,,,,how-to-tell,arc'teryx,
6-buyer,authentication,"arc teryx tag real vs fake",,Unknown,,,,,real-vs-fake,arc'teryx,
6-buyer,authentication,"arc'teryx beta fake",,Unknown,,,,,other,arc'teryx,
6-buyer,authentication,"how to spot fake arc teryx jacket",,Unknown,,,,,how-to-spot,arc'teryx,
6-buyer,authentication,"arc teryx authentication tag",,Unknown,,,,,other,arc'teryx,
6-buyer,authentication,"levi's original vs fake shirt",,Unknown,,,,,real-vs-fake,levis,
6-buyer,authentication,"how to spot fake levis shirt",,Unknown,,,,,how-to-spot,levis,
6-buyer,authentication,"levi's authentic button down shirt",,Unknown,,,,,other,levis,
6-buyer,authentication,"how to tell if a polo ralph lauren is real",,Unknown,,,,,how-to-tell,ralph lauren,
6-buyer,authentication,"ralph lauren real vs fake sweater",,Unknown,,,,,real-vs-fake,ralph lauren,
6-buyer,authentication,"fake ralph lauren shirt vs real",,Unknown,,,,,real-vs-fake,ralph lauren,
6-buyer,authentication,"how to spot fake ralph lauren sunglasses",,Unknown,,,,,how-to-spot,ralph lauren,
6-buyer,authentication,"ralph lauren authenticity check reddit",,Unknown,,,,,tool-noun,ralph lauren,
6-buyer,authentication,"how to tell if a lululemon bag is real",,Unknown,,,,,how-to-tell,lululemon,
6-buyer,authentication,"lululemon real vs fake belt bag",,Unknown,,,,,real-vs-fake,lululemon,
6-buyer,authentication,"fake lululemon bag vs real",,Unknown,,,,,real-vs-fake,lululemon,
6-buyer,authentication,"how to spot fake lululemon jacket",,Unknown,,,,,how-to-spot,lululemon,
6-buyer,authentication,"lululemon authenticity tag",,Unknown,,,,,other,lululemon,
6-buyer,authentication,"how to tell if a louis vuitton is real wallet",,Unknown,,,,,how-to-tell,louis vuitton,
6-buyer,authentication,"louis vuitton real vs fake bag",,Unknown,,,,,real-vs-fake,louis vuitton,
6-buyer,authentication,"how to spot fake louis vuitton imagination",,Unknown,,,,,how-to-spot,louis vuitton,
6-buyer,authentication,"louis vuitton authenticity checker",,Unknown,,,,,tool-noun,louis vuitton,
6-buyer,authentication,"how to tell if a gucci belt is real",,Unknown,,,,,how-to-tell,gucci,
6-buyer,authentication,"gucci real vs fake bag",,Unknown,,,,,real-vs-fake,gucci,
6-buyer,authentication,"how to spot fake gucci glasses",,Unknown,,,,,how-to-spot,gucci,
6-buyer,authentication,"gucci authenticity code",,Unknown,,,,,other,gucci,
6-buyer,authentication,"how to check if a burberry is real",,Unknown,,,,,how-to-tell,burberry,
6-buyer,authentication,"burberry real vs fake shirt",,Unknown,,,,,real-vs-fake,burberry,
6-buyer,authentication,"fake burberry belt vs real",,Unknown,,,,,real-vs-fake,burberry,
6-buyer,authentication,"how to spot fake burberry slides",,Unknown,,,,,how-to-spot,burberry,
6-buyer,authentication,"burberry authentication code",,Unknown,,,,,other,burberry,
6-buyer,authentication,"coach real vs fake bag",,Unknown,,,,,real-vs-fake,coach,
6-buyer,authentication,"fake coach wallet vs real",,Unknown,,,,,real-vs-fake,coach,
6-buyer,authentication,"how to spot fake coach tabby",,Unknown,,,,,how-to-spot,coach,
6-buyer,authentication,"coach authenticity tag",,Unknown,,,,,other,coach,
6-buyer,authentication,"how to tell if a michael kors purse is real",,Unknown,,,,,how-to-tell,michael kors,
6-buyer,authentication,"michael kors real vs fake tag",,Unknown,,,,,real-vs-fake,michael kors,
6-buyer,authentication,"fake michael kors purse how to tell",,Unknown,,,,,fake-attribute,michael kors,
6-buyer,authentication,"how to spot fake michael kors clothes",,Unknown,,,,,how-to-spot,michael kors,
6-buyer,authentication,"michael kors authenticity check watch",,Unknown,,,,,tool-noun,michael kors,
6-buyer,authentication,"how to tell if uggs are real or fake",,Unknown,,,,,how-to-tell,uggs,
6-buyer,authentication,"ugg real vs fake tag",,Unknown,,,,,real-vs-fake,uggs,
6-buyer,authentication,"fake uggs kmart",,Unknown,,,,,fake-attribute,uggs,
6-buyer,authentication,"how to spot fake uggs uk",,Unknown,,,,,how-to-spot,uggs,
6-buyer,authentication,"ugg authenticity code check",,Unknown,,,,,other,uggs,
6-buyer,authentication,"how to know if a jordan is original",,Unknown,,,,,how-to-tell,jordan,
6-buyer,authentication,"jordan real or fake",,Unknown,,,,,other,jordan,
6-buyer,authentication,"fake jordan logo funny",,Unknown,,,,,fake-attribute,jordan,
6-buyer,authentication,"how to spot fake jordan 11",,Unknown,,,,,how-to-spot,jordan,
6-buyer,authentication,"jordan authentic jersey",,Unknown,,,,,other,jordan,
6-buyer,authentication,"how to spot a fake id",,Unknown,,,,,how-to-spot,,
6-buyer,authentication,"authenticity check free",,Unknown,,,,,tool-noun,,
6-buyer,authentication,"legit check website",,Unknown,,,,,tool-noun,,
6-buyer,authentication,"real vs fake pokemon cards",,Unknown,,,,,real-vs-fake,,
6-buyer,authentication,"how to authenticate a rolex",,Unknown,,,,,other,,
6-buyer,authentication,"is my arcteryx jacket real",,Unknown,,,,,other,,
6-buyer,authentication,"clothing authentication discord",,Unknown,,,,,other,,
6-buyer,authentication,"how to tell if a north face jacket is real",,Unknown,,,,,how-to-tell,north face,
6-buyer,authentication,"north face puffer real vs fake",,Unknown,,,,,real-vs-fake,north face,
6-buyer,authentication,"how to spot fake north face duffel bag",,Unknown,,,,,how-to-spot,north face,
6-buyer,authentication,"north face authenticity code check",,Unknown,,,,,other,north face,
6-buyer,authentication,"carhartt real or fake",,Unknown,,,,,other,carhartt,
6-buyer,authentication,"fake carhartt detroit vs real",,Unknown,,,,,real-vs-fake,carhartt,
6-buyer,authentication,"how to spot fake carhartt t shirt",,Unknown,,,,,how-to-spot,carhartt,
6-buyer,authentication,"carhartt authentic tag",,Unknown,,,,,other,carhartt,
6-buyer,authentication,"how to tell if a patagonia jacket is real",,Unknown,,,,,how-to-tell,patagonia,
6-buyer,authentication,"patagonia cap real vs fake",,Unknown,,,,,real-vs-fake,patagonia,
6-buyer,authentication,"fake patagonia vs real",,Unknown,,,,,real-vs-fake,patagonia,
6-buyer,authentication,"how to spot fake patagonia backpack",,Unknown,,,,,how-to-spot,patagonia,
6-buyer,authentication,"patagonia brand authenticity",,Unknown,,,,,other,patagonia,
6-buyer,authentication,"how to check if a nike is real",,Unknown,,,,,how-to-tell,nike,
6-buyer,authentication,"nike real or fake scanner",,Unknown,,,,,other,nike,
6-buyer,authentication,"how to spot fake nike air force 1",,Unknown,,,,,how-to-spot,nike,
6-buyer,authentication,"nike authenticity code check",,Unknown,,,,,other,nike,
6-buyer,authentication,"adidas real or fake",,Unknown,,,,,other,adidas,
6-buyer,authentication,"fake adidas gazelle vs real",,Unknown,,,,,real-vs-fake,adidas,
6-buyer,authentication,"how to spot fake adidas gazelle",,Unknown,,,,,how-to-spot,adidas,
6-buyer,authentication,"adidas authenticity check app",,Unknown,,,,,tool-noun,adidas,
6-buyer,authentication,"how to tell if a supreme beanie is real",,Unknown,,,,,how-to-tell,supreme,
6-buyer,authentication,"supreme real or fake",,Unknown,,,,,other,supreme,
6-buyer,authentication,"how to spot fake supreme",,Unknown,,,,,how-to-spot,supreme,
6-buyer,authentication,"supreme authentic hoodie",,Unknown,,,,,other,supreme,
6-buyer,authentication,"how to tell if a stone island badge is real",,Unknown,,,,,how-to-tell,stone island,
6-buyer,authentication,"stone island real vs fake sweater",,Unknown,,,,,real-vs-fake,stone island,
6-buyer,authentication,"how to spot fake stone island jeans",,Unknown,,,,,how-to-spot,stone island,
6-buyer,authentication,"stone island authenticity",,Unknown,,,,,other,stone island,
6-buyer,authentication,"how to check if a moncler is real scan",,Unknown,,,,,how-to-tell,moncler,
6-buyer,authentication,"moncler real vs fake zipper",,Unknown,,,,,real-vs-fake,moncler,
6-buyer,authentication,"how to spot fake moncler badge",,Unknown,,,,,how-to-spot,moncler,
6-buyer,authentication,"moncler authenticity code",,Unknown,,,,,other,moncler,
6-buyer,authentication,"canada goose real vs fake patch",,Unknown,,,,,real-vs-fake,canada goose,
6-buyer,authentication,"how to spot fake canada goose wyndham",,Unknown,,,,,how-to-spot,canada goose,
6-buyer,authentication,"canada goose authenticity code checker",,Unknown,,,,,other,canada goose,
6-buyer,authentication,"how to tell if arc teryx jacket is real",,Unknown,,,,,how-to-tell,arc'teryx,
6-buyer,authentication,"arc teryx cerium real vs fake",,Unknown,,,,,real-vs-fake,arc'teryx,
6-buyer,authentication,"how to spot fake arc teryx reddit",,Unknown,,,,,how-to-spot,arc'teryx,
6-buyer,authentication,"how to verify arc'teryx authenticity",,Unknown,,,,,other,arc'teryx,
6-buyer,authentication,"how to tell if a levi's jacket is real",,Unknown,,,,,how-to-tell,levis,
6-buyer,authentication,"levi's 501 real vs fake",,Unknown,,,,,real-vs-fake,levis,
6-buyer,authentication,"how to spot fake levis t shirt",,Unknown,,,,,how-to-spot,levis,
6-buyer,authentication,"levi's authentic hoodie",,Unknown,,,,,other,levis,
6-buyer,authentication,"how to tell if a ralph lauren bag is real",,Unknown,,,,,how-to-tell,ralph lauren,
6-buyer,authentication,"ralph lauren real vs fake hoodie",,Unknown,,,,,real-vs-fake,ralph lauren,
6-buyer,authentication,"fake ralph lauren cap vs real",,Unknown,,,,,real-vs-fake,ralph lauren,
6-buyer,authentication,"how to spot fake ralph lauren cap",,Unknown,,,,,how-to-spot,ralph lauren,
6-buyer,authentication,"ralph lauren authenticity check online",,Unknown,,,,,tool-noun,ralph lauren,
6-buyer,authentication,"how to tell if a lululemon jacket is real",,Unknown,,,,,how-to-tell,lululemon,
6-buyer,authentication,"lululemon real vs fake bag",,Unknown,,,,,real-vs-fake,lululemon,
6-buyer,authentication,"fake lululemon fanny pack",,Unknown,,,,,fake-attribute,lululemon,
6-buyer,authentication,"how to spot fake lululemon belt bag",,Unknown,,,,,how-to-spot,lululemon,
6-buyer,authentication,"lululemon authentic size dot",,Unknown,,,,,other,lululemon,
6-buyer,authentication,"louis vuitton real vs fake purse",,Unknown,,,,,real-vs-fake,louis vuitton,
6-buyer,authentication,"how to spot fake louis vuitton fragrance",,Unknown,,,,,how-to-spot,louis vuitton,
6-buyer,authentication,"louis vuitton authenticity check by serial number",,Unknown,,,,,tool-noun,louis vuitton,
6-buyer,authentication,"how to tell if a gucci watch is real",,Unknown,,,,,how-to-tell,gucci,
6-buyer,authentication,"gucci real vs fake tag",,Unknown,,,,,real-vs-fake,gucci,
6-buyer,authentication,"how to spot fake gucci wallet",,Unknown,,,,,how-to-spot,gucci,
6-buyer,authentication,"gucci authenticity tag",,Unknown,,,,,other,gucci,
6-buyer,authentication,"how to tell if a burberry scarf is real",,Unknown,,,,,how-to-tell,burberry,
6-buyer,authentication,"burberry real vs fake logo",,Unknown,,,,,real-vs-fake,burberry,
6-buyer,authentication,"fake burberry tag vs real",,Unknown,,,,,real-vs-fake,burberry,
6-buyer,authentication,"how to spot fake burberry trench coat",,Unknown,,,,,how-to-spot,burberry,
6-buyer,authentication,"burberry authentication check online",,Unknown,,,,,other,burberry,
6-buyer,authentication,"how to tell if a coach is real or not",,Unknown,,,,,how-to-tell,coach,
6-buyer,authentication,"coach real vs fake tabby",,Unknown,,,,,real-vs-fake,coach,
6-buyer,authentication,"how to spot fake coach brooklyn bag",,Unknown,,,,,how-to-spot,coach,
6-buyer,authentication,"coach authenticity code",,Unknown,,,,,other,coach,
6-buyer,authentication,"how to tell if a michael kors bag is real",,Unknown,,,,,how-to-tell,michael kors,
6-buyer,authentication,"michael kors original vs fake watch",,Unknown,,,,,real-vs-fake,michael kors,
6-buyer,authentication,"fake michael kors vs real",,Unknown,,,,,real-vs-fake,michael kors,
6-buyer,authentication,"how to spot fake michael kors shoes",,Unknown,,,,,how-to-spot,michael kors,
6-buyer,authentication,"michael kors authenticity card",,Unknown,,,,,other,michael kors,
6-buyer,authentication,"how to tell if uggs are fake tasman",,Unknown,,,,,how-to-tell,uggs,
6-buyer,authentication,"uggs original vs fake",,Unknown,,,,,real-vs-fake,uggs,
6-buyer,authentication,"fake uggs primark",,Unknown,,,,,fake-attribute,uggs,
6-buyer,authentication,"how to spot fake uggs slippers",,Unknown,,,,,how-to-spot,uggs,
6-buyer,authentication,"ugg authenticity guide",,Unknown,,,,,other,uggs,
6-buyer,authentication,"how to check if a jordan is fake",,Unknown,,,,,how-to-tell,jordan,
6-buyer,authentication,"jordan real and fake logo",,Unknown,,,,,other,jordan,
6-buyer,authentication,"fake jordan 4 vs real",,Unknown,,,,,real-vs-fake,jordan,
6-buyer,authentication,"how to spot fake jordan 5 fire red",,Unknown,,,,,how-to-spot,jordan,
6-buyer,authentication,"jordan authentic serial number check",,Unknown,,,,,other,jordan,
6-buyer,authentication,"how to spot a fake 100 dollar bill",,Unknown,,,,,how-to-spot,,
6-buyer,authentication,"authenticity check prolific qualtrics",,Unknown,,,,,tool-noun,,
6-buyer,authentication,"legit check app free",,Unknown,,,,,tool-noun,,
6-buyer,authentication,"real vs fake needoh jellyfish",,Unknown,,,,,real-vs-fake,,
6-buyer,authentication,"how to authenticate a gucci bag",,Unknown,,,,,other,,
6-buyer,authentication,"is my levis jacket real",,Unknown,,,,,other,,
6-buyer,authentication,"clothing authenticated by non fungible tokens",,Unknown,,,,,other,,
6-buyer,authentication,"how to tell if a north face coat is real",,Unknown,,,,,how-to-tell,north face,
6-buyer,authentication,"north face jacket real vs fake",,Unknown,,,,,real-vs-fake,north face,
6-buyer,authentication,"how to spot fake north face borealis",,Unknown,,,,,how-to-spot,north face,
6-buyer,authentication,"north face authenticity",,Unknown,,,,,other,north face,
6-buyer,authentication,"how to tell if a carhartt hoodie is real",,Unknown,,,,,how-to-tell,carhartt,
6-buyer,authentication,"carhartt original vs fake cap",,Unknown,,,,,real-vs-fake,carhartt,
6-buyer,authentication,"fake carhartt shirt",,Unknown,,,,,fake-attribute,carhartt,
6-buyer,authentication,"how to spot fake carhartt cap",,Unknown,,,,,how-to-spot,carhartt,
6-buyer,authentication,"carhartt authentic label",,Unknown,,,,,other,carhartt,
6-buyer,authentication,"how to tell.if a patagonia bag is real",,Unknown,,,,,how-to-tell,patagonia,
6-buyer,authentication,"patagonia tag real vs fake",,Unknown,,,,,real-vs-fake,patagonia,
6-buyer,authentication,"fake patagonia on vinted",,Unknown,,,,,fake-attribute,patagonia,
6-buyer,authentication,"how to spot fake patagonia fleece",,Unknown,,,,,how-to-spot,patagonia,
6-buyer,authentication,"patagonia fleece authenticity check",,Unknown,,,,,tool-noun,patagonia,
6-buyer,authentication,"how to know if a nike is real or fake",,Unknown,,,,,how-to-tell,nike,
6-buyer,authentication,"nike real or fake check",,Unknown,,,,,other,nike,
6-buyer,authentication,"how to spot fake nike air max",,Unknown,,,,,how-to-spot,nike,
6-buyer,authentication,"nike authenticity check app",,Unknown,,,,,tool-noun,nike,
6-buyer,authentication,"how to tell if adidas is original",,Unknown,,,,,how-to-tell,adidas,
6-buyer,authentication,"adidas real or fake check",,Unknown,,,,,other,adidas,
6-buyer,authentication,"how to spot fake adidas soccer jersey",,Unknown,,,,,how-to-spot,adidas,
6-buyer,authentication,"adidas authenticity check jersey",,Unknown,,,,,tool-noun,adidas,
6-buyer,authentication,"how to tell if a supreme backpack is real",,Unknown,,,,,how-to-tell,supreme,
6-buyer,authentication,"supreme real or fake t shirt size",,Unknown,,,,,other,supreme,
6-buyer,authentication,"supreme authentic logo",,Unknown,,,,,other,supreme,
6-buyer,authentication,"how to tell if a stone island badge is fake",,Unknown,,,,,how-to-tell,stone island,
6-buyer,authentication,"stone island real or fake",,Unknown,,,,,other,stone island,
6-buyer,authentication,"how to spot fake stone island new balance",,Unknown,,,,,how-to-spot,stone island,
6-buyer,authentication,"stone island authenticity check art number",,Unknown,,,,,tool-noun,stone island,
6-buyer,authentication,"how to check if a moncler is fake",,Unknown,,,,,how-to-tell,moncler,
6-buyer,authentication,"moncler real vs fake cartoon",,Unknown,,,,,real-vs-fake,moncler,
6-buyer,authentication,"how to spot fake moncler beanie",,Unknown,,,,,how-to-spot,moncler,
6-buyer,authentication,"moncler authenticity triangle",,Unknown,,,,,other,moncler,
6-buyer,authentication,"canada goose real vs fake hologram",,Unknown,,,,,real-vs-fake,canada goose,
6-buyer,authentication,"how to spot fake canada goose gilet",,Unknown,,,,,how-to-spot,canada goose,
6-buyer,authentication,"canada goose authenticity check qr code",,Unknown,,,,,tool-noun,canada goose,
6-buyer,authentication,"how to tell if an arcteryx beanie is fake",,Unknown,,,,,how-to-tell,arc'teryx,
6-buyer,authentication,"arc'teryx beta fake vs real",,Unknown,,,,,real-vs-fake,arc'teryx,
6-buyer,authentication,"how to spot fake arc teryx beta ar",,Unknown,,,,,how-to-spot,arc'teryx,
6-buyer,authentication,"arc teryx beta authentic",,Unknown,,,,,other,arc'teryx,
6-buyer,authentication,"levis tag real vs fake",,Unknown,,,,,real-vs-fake,levis,
6-buyer,authentication,"how to spot fake levis reddit",,Unknown,,,,,how-to-spot,levis,
6-buyer,authentication,"levis authentic crewneck sweatshirt",,Unknown,,,,,other,levis,
6-buyer,authentication,"how to tell if a ralph lauren coat is real",,Unknown,,,,,how-to-tell,ralph lauren,
6-buyer,authentication,"ralph lauren real vs fake shirt",,Unknown,,,,,real-vs-fake,ralph lauren,
6-buyer,authentication,"how to spot fake ralph lauren polo",,Unknown,,,,,how-to-spot,ralph lauren,
6-buyer,authentication,"ralph lauren authenticity",,Unknown,,,,,other,ralph lauren,
6-buyer,authentication,"how to tell if a lululemon scuba is fake",,Unknown,,,,,how-to-tell,lululemon,
6-buyer,authentication,"lululemon real or fake",,Unknown,,,,,other,lululemon,
6-buyer,authentication,"fake lululemon set",,Unknown,,,,,fake-attribute,lululemon,
6-buyer,authentication,"how to spot fake lululemon belt bag reddit",,Unknown,,,,,how-to-spot,lululemon,
6-buyer,authentication,"lululemon authentic bag",,Unknown,,,,,other,lululemon,
6-buyer,authentication,"louis vuitton real vs fake logo",,Unknown,,,,,real-vs-fake,louis vuitton,
6-buyer,authentication,"how to spot fake louis vuitton belt",,Unknown,,,,,how-to-spot,louis vuitton,
6-buyer,authentication,"louis vuitton authenticity check free",,Unknown,,,,,tool-noun,louis vuitton,
6-buyer,authentication,"how to tell if a gucci purse is real",,Unknown,,,,,how-to-tell,gucci,
6-buyer,authentication,"gucci real vs fake t shirt",,Unknown,,,,,real-vs-fake,gucci,
6-buyer,authentication,"how to spot fake gucci slides",,Unknown,,,,,how-to-spot,gucci,
6-buyer,authentication,"gucci authenticity code online",,Unknown,,,,,other,gucci,
6-buyer,authentication,"how to tell if a burberry bag is real",,Unknown,,,,,how-to-tell,burberry,
6-buyer,authentication,"burberry real vs fake jacket",,Unknown,,,,,real-vs-fake,burberry,
6-buyer,authentication,"how to spot fake burberry her perfume",,Unknown,,,,,how-to-spot,burberry,
6-buyer,authentication,"burberry authenticity",,Unknown,,,,,other,burberry,
6-buyer,authentication,"coach real vs fake zipper",,Unknown,,,,,real-vs-fake,coach,
6-buyer,authentication,"how to spot fake coach wristlet",,Unknown,,,,,how-to-spot,coach,
6-buyer,authentication,"coach authenticity number check",,Unknown,,,,,other,coach,
6-buyer,authentication,"how to tell if a michael kors watch is real",,Unknown,,,,,how-to-tell,michael kors,
6-buyer,authentication,"michael kors real or fake",,Unknown,,,,,other,michael kors,
6-buyer,authentication,"how to spot fake michael kors sunglasses",,Unknown,,,,,how-to-spot,michael kors,
6-buyer,authentication,"michael kors authenticity check bag",,Unknown,,,,,tool-noun,michael kors,
6-buyer,authentication,"uggs real or fake",,Unknown,,,,,other,uggs,
6-buyer,authentication,"fake uggs costco",,Unknown,,,,,fake-attribute,uggs,
6-buyer,authentication,"how to spot fake ugg boots",,Unknown,,,,,how-to-spot,uggs,
6-buyer,authentication,"ugg authenticity card",,Unknown,,,,,other,uggs,
6-buyer,authentication,"how to tell if a jordan 4 is fake",,Unknown,,,,,how-to-tell,jordan,
6-buyer,authentication,"jordan real or fake meme",,Unknown,,,,,other,jordan,
6-buyer,authentication,"fake jordan 5 vs real",,Unknown,,,,,real-vs-fake,jordan,
6-buyer,authentication,"how to spot fake jordan 1 mid",,Unknown,,,,,how-to-spot,jordan,
6-buyer,authentication,"jordan authentic t shirt",,Unknown,,,,,other,jordan,
6-buyer,authentication,"how to spot a fake louis vuitton bag",,Unknown,,,,,how-to-spot,,
6-buyer,authentication,"authenticity check casio",,Unknown,,,,,tool-noun,,
6-buyer,authentication,"legit check sneakers",,Unknown,,,,,tool-noun,,
6-buyer,authentication,"real vs fake needoh nice cube",,Unknown,,,,,real-vs-fake,,
6-buyer,authentication,"how to authenticate wifi on ps5",,Unknown,,,,,other,,
6-buyer,authentication,"is my burberry jacket real",,Unknown,,,,,other,,
6-buyer,authentication,"designer clothing authentication",,Unknown,,,,,other,,
6-buyer,authentication,"how to tell if a north face puffer is real",,Unknown,,,,,how-to-tell,north face,
6-buyer,authentication,"north face nuptse real vs fake",,Unknown,,,,,real-vs-fake,north face,
6-buyer,authentication,"how to spot fake north face",,Unknown,,,,,how-to-spot,north face,
6-buyer,authentication,"north face authenticity hologram",,Unknown,,,,,other,north face,
6-buyer,authentication,"how to tell if a carhartt beanie is fake",,Unknown,,,,,how-to-tell,carhartt,
6-buyer,authentication,"carhartt j97 real vs fake",,Unknown,,,,,real-vs-fake,carhartt,
6-buyer,authentication,"fake carhartt hat",,Unknown,,,,,fake-attribute,carhartt,
6-buyer,authentication,"how to spot fake carhartt jeans",,Unknown,,,,,how-to-spot,carhartt,
6-buyer,authentication,"carhartt authentic jacket",,Unknown,,,,,other,carhartt,
6-buyer,authentication,"how to tell if a patagonia fleece is fake",,Unknown,,,,,how-to-tell,patagonia,
6-buyer,authentication,"patagonia backpack real vs fake",,Unknown,,,,,real-vs-fake,patagonia,
6-buyer,authentication,"fake patagonia cap",,Unknown,,,,,fake-attribute,patagonia,
6-buyer,authentication,"how to spot fake patagonia",,Unknown,,,,,how-to-spot,patagonia,
6-buyer,authentication,"how to check if a nike is fake",,Unknown,,,,,how-to-tell,nike,
6-buyer,authentication,"nike original vs fake t shirt",,Unknown,,,,,real-vs-fake,nike,
6-buyer,authentication,"how to spot fake nike tech",,Unknown,,,,,how-to-spot,nike,
6-buyer,authentication,"nike authenticity check qr code reddit",,Unknown,,,,,tool-noun,nike,
6-buyer,authentication,"how to tell if a adidas soccer jersey is authentic",,Unknown,,,,,how-to-tell,adidas,
6-buyer,authentication,"adidas original vs fake shoes",,Unknown,,,,,real-vs-fake,adidas,
6-buyer,authentication,"how to spot fake adidas nba jersey",,Unknown,,,,,how-to-spot,adidas,
6-buyer,authentication,"adidas authenticity check india",,Unknown,,,,,tool-noun,adidas,
6-buyer,authentication,"how to tell if a supreme shirt is fake",,Unknown,,,,,how-to-tell,supreme,
6-buyer,authentication,"supreme real or fake tag",,Unknown,,,,,other,supreme,
6-buyer,authentication,"supreme authentic collection",,Unknown,,,,,other,supreme,
6-buyer,authentication,"how to tell if a stone island jacket is real",,Unknown,,,,,how-to-tell,stone island,
6-buyer,authentication,"stone island real or fake check",,Unknown,,,,,other,stone island,
6-buyer,authentication,"how to spot fake stone island hoodie",,Unknown,,,,,how-to-spot,stone island,
6-buyer,authentication,"stone island authenticity checker",,Unknown,,,,,tool-noun,stone island,
6-buyer,authentication,"how to tell if a moncler coat is real",,Unknown,,,,,how-to-tell,moncler,
6-buyer,authentication,"moncler real vs fake t shirt",,Unknown,,,,,real-vs-fake,moncler,
6-buyer,authentication,"how to spot fake moncler vest",,Unknown,,,,,how-to-spot,moncler,
6-buyer,authentication,"moncler authenticity scan",,Unknown,,,,,other,moncler,
6-buyer,authentication,"canada goose real vs fake black label",,Unknown,,,,,real-vs-fake,canada goose,
6-buyer,authentication,"how to spot fake canada goose coat",,Unknown,,,,,how-to-spot,canada goose,
6-buyer,authentication,"canada goose authenticity label",,Unknown,,,,,other,canada goose,
6-buyer,authentication,"how to tell if arc teryx beanie is real",,Unknown,,,,,how-to-tell,arc'teryx,
6-buyer,authentication,"arc teryx jacket real vs fake",,Unknown,,,,,real-vs-fake,arc'teryx,
6-buyer,authentication,"how to tell real arc teryx",,Unknown,,,,,how-to-tell,arc'teryx,
6-buyer,authentication,"how to tell if levis is real",,Unknown,,,,,how-to-tell,levis,
6-buyer,authentication,"levi's jeans real vs fake",,Unknown,,,,,real-vs-fake,levis,
6-buyer,authentication,"how to spot fake levi's 505",,Unknown,,,,,how-to-spot,levis,
6-buyer,authentication,"levi's authentic chino",,Unknown,,,,,other,levis,
6-buyer,authentication,"how to tell if a ralph lauren shirt is fake",,Unknown,,,,,how-to-tell,ralph lauren,
6-buyer,authentication,"ralph lauren real vs fake polo",,Unknown,,,,,real-vs-fake,ralph lauren,
6-buyer,authentication,"how to spot fake ralph lauren t shirt",,Unknown,,,,,how-to-spot,ralph lauren,
6-buyer,authentication,"ralph lauren authenticity check bag",,Unknown,,,,,tool-noun,ralph lauren,
6-buyer,authentication,"how to tell if a lululemon keychain is fake",,Unknown,,,,,how-to-tell,lululemon,
6-buyer,authentication,"lululemon jacket real vs fake",,Unknown,,,,,real-vs-fake,lululemon,
6-buyer,authentication,"fake lululemon zipper",,Unknown,,,,,fake-attribute,lululemon,
6-buyer,authentication,"how to spot fake lululemon dual pouch wristlet",,Unknown,,,,,how-to-spot,lululemon,
6-buyer,authentication,"lululemon authentic vs fake",,Unknown,,,,,real-vs-fake,lululemon,
6-buyer,authentication,"how to tell if a louis vuitton is genuine",,Unknown,,,,,how-to-tell,louis vuitton,
6-buyer,authentication,"louis vuitton real vs fake t shirt",,Unknown,,,,,real-vs-fake,louis vuitton,
6-buyer,authentication,"how to spot fake louis vuitton sunglasses",,Unknown,,,,,how-to-spot,louis vuitton,
6-buyer,authentication,"louis vuitton authenticity check chip",,Unknown,,,,,tool-noun,louis vuitton,
6-buyer,authentication,"how to tell if a gucci wallet is real",,Unknown,,,,,how-to-tell,gucci,
6-buyer,authentication,"gucci real vs fake watch",,Unknown,,,,,real-vs-fake,gucci,
6-buyer,authentication,"how to spot fake gucci hat",,Unknown,,,,,how-to-spot,gucci,
6-buyer,authentication,"gucci authenticity checker",,Unknown,,,,,tool-noun,gucci,
6-buyer,authentication,"how to tell if a burberry coat is real",,Unknown,,,,,how-to-tell,burberry,
6-buyer,authentication,"burberry real vs fake shoes",,Unknown,,,,,real-vs-fake,burberry,
6-buyer,authentication,"how to spot fake burberry perfume",,Unknown,,,,,how-to-spot,burberry,
6-buyer,authentication,"burberry authenticity code check online by serial number",,Unknown,,,,,other,burberry,
6-buyer,authentication,"coach original vs fake",,Unknown,,,,,real-vs-fake,coach,
6-buyer,authentication,"how to spot fake coach rowan satchel",,Unknown,,,,,how-to-spot,coach,
6-buyer,authentication,"coach authenticity label",,Unknown,,,,,other,coach,
6-buyer,authentication,"how to tell if a michael kors bag is fake",,Unknown,,,,,how-to-tell,michael kors,
6-buyer,authentication,"michael kors original vs fake wallet",,Unknown,,,,,real-vs-fake,michael kors,
6-buyer,authentication,"how to spot fake michael kors purse",,Unknown,,,,,how-to-spot,michael kors,
6-buyer,authentication,"michael kors authenticity",,Unknown,,,,,other,michael kors,
6-buyer,authentication,"how to tell if uggs are real tasman",,Unknown,,,,,how-to-tell,uggs,
6-buyer,authentication,"ugg original vs fake tazz",,Unknown,,,,,real-vs-fake,uggs,
6-buyer,authentication,"fake uggs that look real",,Unknown,,,,,fake-attribute,uggs,
6-buyer,authentication,"how to spot fake ugg tazz",,Unknown,,,,,how-to-spot,uggs,
6-buyer,authentication,"ugg authenticity code",,Unknown,,,,,other,uggs,
6-buyer,authentication,"how to tell if a jordan rookie is fake",,Unknown,,,,,how-to-tell,jordan,
6-buyer,authentication,"jordan 4 real vs fake",,Unknown,,,,,real-vs-fake,jordan,
6-buyer,authentication,"how to spot fake jordan 4 black cat",,Unknown,,,,,how-to-spot,jordan,
6-buyer,authentication,"jordan authentic shoes",,Unknown,,,,,other,jordan,
6-buyer,authentication,"how to tell if clothes are fake",,Unknown,,,,,how-to-tell,,
6-buyer,authentication,"how to spot a fake coach bag",,Unknown,,,,,how-to-spot,,
6-buyer,authentication,"authenticity check website",,Unknown,,,,,tool-noun,,
6-buyer,authentication,"legit check free",,Unknown,,,,,tool-noun,,
6-buyer,authentication,"real vs fake art animal crossing",,Unknown,,,,,real-vs-fake,,
6-buyer,authentication,"how to authenticate a chanel bag",,Unknown,,,,,other,,
6-buyer,authentication,"is jacket a real name",,Unknown,,,,,other,,
6-buyer,authentication,"ebay clothing authentication",,Unknown,,,,,other,,
6-buyer,authentication,"how to tell if a north face coat is fake",,Unknown,,,,,how-to-tell,north face,
6-buyer,authentication,"north face borealis real vs fake",,Unknown,,,,,real-vs-fake,north face,
6-buyer,authentication,"how to spot fake north face puffer",,Unknown,,,,,how-to-spot,north face,
6-buyer,authentication,"north face authenticity tag",,Unknown,,,,,other,north face,
6-buyer,authentication,"carhartt jacket real vs fake",,Unknown,,,,,real-vs-fake,carhartt,
6-buyer,authentication,"fake carhartt patch",,Unknown,,,,,fake-attribute,carhartt,
6-buyer,authentication,"how to spot fake carhartt detroit jacket",,Unknown,,,,,how-to-spot,carhartt,
6-buyer,authentication,"carhartt authentic cap",,Unknown,,,,,other,carhartt,
6-buyer,authentication,"how to tell if a patagonia backpack is fake",,Unknown,,,,,how-to-tell,patagonia,
6-buyer,authentication,"patagonia hat real vs fake",,Unknown,,,,,real-vs-fake,patagonia,
6-buyer,authentication,"fake patagonia baggies",,Unknown,,,,,fake-attribute,patagonia,
6-buyer,authentication,"how to spot fake patagonia retro x",,Unknown,,,,,how-to-spot,patagonia,
6-buyer,authentication,"how to see if a nike is real",,Unknown,,,,,other,nike,
6-buyer,authentication,"nike original vs fake socks",,Unknown,,,,,real-vs-fake,nike,
6-buyer,authentication,"how to spot fake nike clothes",,Unknown,,,,,how-to-spot,nike,
6-buyer,authentication,"nike authenticity check football shirt",,Unknown,,,,,tool-noun,nike,
6-buyer,authentication,"how to tell if a adidas soccer jersey is real",,Unknown,,,,,how-to-tell,adidas,
6-buyer,authentication,"adidas real or fake logo",,Unknown,,,,,other,adidas,
6-buyer,authentication,"how to spot fake adidas handball spezial",,Unknown,,,,,how-to-spot,adidas,
6-buyer,authentication,"adidas authenticity code",,Unknown,,,,,other,adidas,
6-buyer,authentication,"how to tell if a supreme hoodie is fake",,Unknown,,,,,how-to-tell,supreme,
6-buyer,authentication,"marty supreme real vs fake",,Unknown,,,,,real-vs-fake,supreme,
6-buyer,authentication,"supreme authentic soy sauce",,Unknown,,,,,other,supreme,
6-buyer,authentication,"how to tell if a stone island jumper is fake",,Unknown,,,,,how-to-tell,stone island,
6-buyer,authentication,"stone island jacket real vs fake",,Unknown,,,,,real-vs-fake,stone island,
6-buyer,authentication,"how to spot fake stone island patch",,Unknown,,,,,how-to-spot,stone island,
6-buyer,authentication,"stone island authenticity check online app",,Unknown,,,,,tool-noun,stone island,
6-buyer,authentication,"how to tell if a moncler jacket is real",,Unknown,,,,,how-to-tell,moncler,
6-buyer,authentication,"moncler real vs fake label",,Unknown,,,,,real-vs-fake,moncler,
6-buyer,authentication,"how to spot fake moncler cardigan",,Unknown,,,,,how-to-spot,moncler,
6-buyer,authentication,"moncler authenticity code check",,Unknown,,,,,other,moncler,
6-buyer,authentication,"canada goose real vs fake label",,Unknown,,,,,real-vs-fake,canada goose,
6-buyer,authentication,"how to spot fake canada goose beanie",,Unknown,,,,,how-to-spot,canada goose,
6-buyer,authentication,"canada goose authenticity hologram",,Unknown,,,,,other,canada goose,
6-buyer,authentication,"how to tell if arc teryx alpha sv is real",,Unknown,,,,,how-to-tell,arc'teryx,
6-buyer,authentication,"arc teryx macai real vs fake",,Unknown,,,,,real-vs-fake,arc'teryx,
6-buyer,authentication,"how to spot fake arcteryx beta",,Unknown,,,,,how-to-spot,arc'teryx,
6-buyer,authentication,"how to tell if a levi's jacket is fake",,Unknown,,,,,how-to-tell,levis,
6-buyer,authentication,"levi's 511 real vs fake",,Unknown,,,,,real-vs-fake,levis,
6-buyer,authentication,"how to spot fake levi's 502",,Unknown,,,,,how-to-spot,levis,
6-buyer,authentication,"levis authentic relaxed chino",,Unknown,,,,,other,levis,
6-buyer,authentication,"how to tell if a ralph lauren sweater is real",,Unknown,,,,,how-to-tell,ralph lauren,
6-buyer,authentication,"ralph lauren real or fake",,Unknown,,,,,other,ralph lauren,
6-buyer,authentication,"how to spot fake ralph lauren swim shorts",,Unknown,,,,,how-to-spot,ralph lauren,
6-buyer,authentication,"ralph lauren authenticity checker",,Unknown,,,,,tool-noun,ralph lauren,
6-buyer,authentication,"how to tell if a lululemon shirt is fake",,Unknown,,,,,how-to-tell,lululemon,
6-buyer,authentication,"lululemon scuba real vs fake",,Unknown,,,,,real-vs-fake,lululemon,
6-buyer,authentication,"fake lululemon reddit",,Unknown,,,,,fake-attribute,lululemon,
6-buyer,authentication,"how to spot fake lululemon socks",,Unknown,,,,,how-to-spot,lululemon,
6-buyer,authentication,"lululemon authentic belt bag",,Unknown,,,,,other,lululemon,
6-buyer,authentication,"how to see if a louis vuitton is real",,Unknown,,,,,other,louis vuitton,
6-buyer,authentication,"louis vuitton real vs fake box",,Unknown,,,,,real-vs-fake,louis vuitton,
6-buyer,authentication,"how to spot fake louis vuitton purse",,Unknown,,,,,how-to-spot,louis vuitton,
6-buyer,authentication,"louis vuitton authenticity check online usa",,Unknown,,,,,tool-noun,louis vuitton,
6-buyer,authentication,"how to tell if a gucci bag is fake",,Unknown,,,,,how-to-tell,gucci,
6-buyer,authentication,"gucci real vs fake shoes",,Unknown,,,,,real-vs-fake,gucci,
6-buyer,authentication,"how to spot fake gucci purse",,Unknown,,,,,how-to-spot,gucci,
6-buyer,authentication,"gucci authenticity check online usa",,Unknown,,,,,tool-noun,gucci,
6-buyer,authentication,"how to tell if a burberry jacket is real",,Unknown,,,,,how-to-tell,burberry,
6-buyer,authentication,"burberry real vs fake purse",,Unknown,,,,,real-vs-fake,burberry,
6-buyer,authentication,"how to spot fake burberry polo shirt",,Unknown,,,,,how-to-spot,burberry,
6-buyer,authentication,"burberry authenticity code check sunglasses",,Unknown,,,,,other,burberry,
6-buyer,authentication,"coach real or fake",,Unknown,,,,,other,coach,
6-buyer,authentication,"how to spot fake coach teri shoulder bag",,Unknown,,,,,how-to-spot,coach,
6-buyer,authentication,"coach authenticity check online",,Unknown,,,,,tool-noun,coach,
6-buyer,authentication,"how to tell if a michael kors wallet is real",,Unknown,,,,,how-to-tell,michael kors,
6-buyer,authentication,"michael kors original vs fake shoes",,Unknown,,,,,real-vs-fake,michael kors,
6-buyer,authentication,"how to spot fake michael kors sneakers",,Unknown,,,,,how-to-spot,michael kors,
6-buyer,authentication,"michael kors authenticity check wallet",,Unknown,,,,,tool-noun,michael kors,
6-buyer,authentication,"ugg label real vs fake",,Unknown,,,,,real-vs-fake,uggs,
6-buyer,authentication,"fake uggs big w",,Unknown,,,,,fake-attribute,uggs,
6-buyer,authentication,"how to spot fake ugg lowmel",,Unknown,,,,,how-to-spot,uggs,
6-buyer,authentication,"ugg authenticity code check online",,Unknown,,,,,other,uggs,
6-buyer,authentication,"how to tell if a jordan 5 is fake",,Unknown,,,,,how-to-tell,jordan,
6-buyer,authentication,"jordan 11 real vs fake",,Unknown,,,,,real-vs-fake,jordan,
6-buyer,authentication,"how to spot fake jordan rookie",,Unknown,,,,,how-to-spot,jordan,
6-buyer,authentication,"jordan authentic hoodie",,Unknown,,,,,other,jordan,
6-buyer,authentication,"how to spot a fake check",,Unknown,,,,,how-to-spot,,
6-buyer,authentication,"authenticity check nike",,Unknown,,,,,tool-noun,,
6-buyer,authentication,"legit check bape shirt",,Unknown,,,,,tool-noun,,
6-buyer,authentication,"real vs fake labubu",,Unknown,,,,,real-vs-fake,,
6-buyer,authentication,"how to authenticate an autograph",,Unknown,,,,,other,,
6-buyer,authentication,"is jacket a real word",,Unknown,,,,,other,,
6-buyer,authentication,"chanel clothing authentication",,Unknown,,,,,other,,
6-buyer,authentication,"how to tell if a north face puffer is fake",,Unknown,,,,,how-to-tell,north face,
6-buyer,authentication,"north face gilet real vs fake",,Unknown,,,,,real-vs-fake,north face,
6-buyer,authentication,"how to spot fake north face fleece",,Unknown,,,,,how-to-spot,north face,
6-buyer,authentication,"north face authenticity code check app free",,Unknown,,,,,other,north face,
6-buyer,authentication,"how to tell if a carhartt bag is fake",,Unknown,,,,,how-to-tell,carhartt,
6-buyer,authentication,"carhartt label real vs fake",,Unknown,,,,,real-vs-fake,carhartt,
6-buyer,authentication,"fake carhartt label",,Unknown,,,,,fake-attribute,carhartt,
6-buyer,authentication,"how to spot fake carhartt",,Unknown,,,,,how-to-spot,carhartt,
6-buyer,authentication,"carhartt authentic vs fake",,Unknown,,,,,real-vs-fake,carhartt,
6-buyer,authentication,"patagonia r1 real vs fake",,Unknown,,,,,real-vs-fake,patagonia,
6-buyer,authentication,"fake patagonia hat",,Unknown,,,,,fake-attribute,patagonia,
6-buyer,authentication,"how to spot fake patagonia jacket",,Unknown,,,,,how-to-spot,patagonia,
6-buyer,authentication,"how to tell if a nike tech is fake",,Unknown,,,,,how-to-tell,nike,
6-buyer,authentication,"nike jarritos real vs fake",,Unknown,,,,,real-vs-fake,nike,
6-buyer,authentication,"how to spot fake nike elite bag",,Unknown,,,,,how-to-spot,nike,
6-buyer,authentication,"nike authenticity check shirt",,Unknown,,,,,tool-noun,nike,
6-buyer,authentication,"how to tell if a adidas football shirt is real",,Unknown,,,,,how-to-tell,adidas,
6-buyer,authentication,"adidas original vs fake clothes",,Unknown,,,,,real-vs-fake,adidas,
6-buyer,authentication,"how to spot fake adidas trainers",,Unknown,,,,,how-to-spot,adidas,
6-buyer,authentication,"adidas authenticity check football shirt",,Unknown,,,,,tool-noun,adidas,
6-buyer,authentication,"how to tell if a supreme backpack is fake",,Unknown,,,,,how-to-tell,supreme,
6-buyer,authentication,"supreme cartridges real vs fake",,Unknown,,,,,real-vs-fake,supreme,
6-buyer,authentication,"supreme authentic website",,Unknown,,,,,other,supreme,
6-buyer,authentication,"how to tell if a stone island hat is real",,Unknown,,,,,how-to-tell,stone island,
6-buyer,authentication,"stone island hoodie real vs fake",,Unknown,,,,,real-vs-fake,stone island,
6-buyer,authentication,"how to spot fake stone island beanie",,Unknown,,,,,how-to-spot,stone island,
6-buyer,authentication,"stone island authenticity scan",,Unknown,,,,,other,stone island,
6-buyer,authentication,"how to tell if a moncler.jacket is fake",,Unknown,,,,,how-to-tell,moncler,
6-buyer,authentication,"moncler real vs fake beanie",,Unknown,,,,,real-vs-fake,moncler,
6-buyer,authentication,"how to spot fake moncler puffer",,Unknown,,,,,how-to-spot,moncler,
6-buyer,authentication,"moncler authenticity label",,Unknown,,,,,other,moncler,
6-buyer,authentication,"how to check if a canada goose is real",,Unknown,,,,,how-to-tell,canada goose,
6-buyer,authentication,"canada goose real vs fake reddit",,Unknown,,,,,real-vs-fake,canada goose,
6-buyer,authentication,"how to spot fake canada goose parka",,Unknown,,,,,how-to-spot,canada goose,
6-buyer,authentication,"canada goose authenticity qr code",,Unknown,,,,,other,canada goose,
6-buyer,authentication,"how to tell if an arc teryx jacket is fake",,Unknown,,,,,how-to-tell,arc'teryx,
6-buyer,authentication,"arc teryx alpha sv real vs fake",,Unknown,,,,,real-vs-fake,arc'teryx,
6-buyer,authentication,"how to spot fake arcteryx atom",,Unknown,,,,,how-to-spot,arc'teryx,
6-buyer,authentication,"levis logo real vs fake",,Unknown,,,,,real-vs-fake,levis,
6-buyer,authentication,"how to spot fake levi's trucker jacket",,Unknown,,,,,how-to-spot,levis,
6-buyer,authentication,"levi's authentic polo",,Unknown,,,,,other,levis,
6-buyer,authentication,"how to tell if a ralph lauren polo is fake",,Unknown,,,,,how-to-tell,ralph lauren,
6-buyer,authentication,"ralph lauren original vs fake logo",,Unknown,,,,,real-vs-fake,ralph lauren,
6-buyer,authentication,"how to spot fake ralph lauren shorts",,Unknown,,,,,how-to-spot,ralph lauren,
6-buyer,authentication,"ralph lauren authenticity check serial number",,Unknown,,,,,tool-noun,ralph lauren,
6-buyer,authentication,"how to tell if a lululemon wristlet is fake",,Unknown,,,,,how-to-tell,lululemon,
6-buyer,authentication,"lululemon keychain real vs fake",,Unknown,,,,,real-vs-fake,lululemon,
6-buyer,authentication,"how to spot fake lululemon backpack",,Unknown,,,,,how-to-spot,lululemon,
6-buyer,authentication,"lululemon authentic label",,Unknown,,,,,other,lululemon,
6-buyer,authentication,"how to check if a louis vuitton is fake",,Unknown,,,,,how-to-tell,louis vuitton,
6-buyer,authentication,"louis vuitton real vs fake label",,Unknown,,,,,real-vs-fake,louis vuitton,
6-buyer,authentication,"how to spot fake louis vuitton mens wallet",,Unknown,,,,,how-to-spot,louis vuitton,
6-buyer,authentication,"louis vuitton authenticity check online by serial number",,Unknown,,,,,tool-noun,louis vuitton,
6-buyer,authentication,"how to tell if a gucci hat is real",,Unknown,,,,,how-to-tell,gucci,
6-buyer,authentication,"gucci real vs fake belt",,Unknown,,,,,real-vs-fake,gucci,
6-buyer,authentication,"how to spot fake gucci guilty",,Unknown,,,,,how-to-spot,gucci,
6-buyer,authentication,"gucci authenticity check online by serial number",,Unknown,,,,,tool-noun,gucci,
6-buyer,authentication,"how to tell if a burberry shirt is real",,Unknown,,,,,how-to-tell,burberry,
6-buyer,authentication,"burberry real vs fake polo",,Unknown,,,,,real-vs-fake,burberry,
6-buyer,authentication,"how to spot fake burberry shirt",,Unknown,,,,,how-to-spot,burberry,
6-buyer,authentication,"burberry authentic tag",,Unknown,,,,,other,burberry,
6-buyer,authentication,"real coach vs fake purse",,Unknown,,,,,real-vs-fake,coach,
6-buyer,authentication,"how to spot fake coach tabby 26",,Unknown,,,,,how-to-spot,coach,
6-buyer,authentication,"coach authenticity number",,Unknown,,,,,other,coach,
6-buyer,authentication,"how to tell if a michael kors purse is authentic",,Unknown,,,,,how-to-tell,michael kors,
6-buyer,authentication,"michael kors real or fake bag",,Unknown,,,,,other,michael kors,
6-buyer,authentication,"how to spot fake michael kors jet set bags",,Unknown,,,,,how-to-spot,michael kors,
6-buyer,authentication,"michael kors authentic bag",,Unknown,,,,,other,michael kors,
6-buyer,authentication,"ugg lowmel real vs fake",,Unknown,,,,,real-vs-fake,uggs,
6-buyer,authentication,"how to spot fake ugg tasman slippers",,Unknown,,,,,how-to-spot,uggs,
6-buyer,authentication,"ugg authenticity label",,Unknown,,,,,other,uggs,
6-buyer,authentication,"how to tell if a jordan 1 is fake",,Unknown,,,,,how-to-tell,jordan,
6-buyer,authentication,"jordan 1 real vs fake",,Unknown,,,,,real-vs-fake,jordan,
6-buyer,authentication,"how to spot fake jordan 5",,Unknown,,,,,how-to-spot,jordan,
6-buyer,authentication,"jordan authentic logo",,Unknown,,,,,other,jordan,
6-buyer,authentication,"how to spot a fake dumpling",,Unknown,,,,,how-to-spot,,
6-buyer,authentication,"authenticity check online",,Unknown,,,,,tool-noun,,
6-buyer,authentication,"legit check jordan 4",,Unknown,,,,,tool-noun,,
6-buyer,authentication,"real vs fake 100 dollar bill",,Unknown,,,,,real-vs-fake,,
6-buyer,authentication,"how to authenticate pokemon cards",,Unknown,,,,,other,,
6-buyer,authentication,"is my prada jacket real",,Unknown,,,,,other,,
6-buyer,authentication,"luxury clothing authentication",,Unknown,,,,,other,,
