Top pages,Clicks,Impressions,CTR,Position
https://gradethread.com/tools/authenticity-check,16,178,8.99%,13.38
https://gradethread.com/compare/vinted-vs-mercari,6,530,1.13%,8.53
https://gradethread.com/blog/mercari-partial-item-returns-reseller-guide,5,607,0.82%,8.5
https://gradethread.com/,4,59,6.78%,7.78
https://gradethread.com/blog/sku-to-bin-location-system-for-resellers,4,14,28.57%,3.71
https://gradethread.com/blog/best-resale-apps-designer-luxury-clothing,3,1136,0.26%,20.97
https://gradethread.com/grading/glossary/vguc,1,503,0.2%,8.81
https://gradethread.com/blog/depop-vs-poshmark-which-should-you-use,1,168,0.6%,16.45
https://gradethread.com/compare/grailed-vs-ebay,1,165,0.61%,9.68
https://gradethread.com/compare/mercari-vs-grailed,1,81,1.23%,13.26
https://gradethread.com/blog/what-does-good-condition-mean-used-clothing-resale,1,73,1.37%,11.01
https://gradethread.com/blog/mercari-vs-poshmark-crosslisting-when-to-list-same-item-on-both,1,72,1.39%,9.86
https://gradethread.com/grading/platform-standards/poshmark,1,27,3.7%,8.52
https://gradethread.com/blog/ebay-item-not-as-described-return-defense-reseller,1,22,4.55%,11.27
https://gradethread.com/blog/best-order-ebay-clothing-listing-photos,1,16,6.25%,7.62
https://gradethread.com/blog/odor-detection-disclosure-sensitivity-standard,1,13,7.69%,11.92
https://gradethread.com/grading/glossary/inseam,1,10,10%,11.2
https://gradethread.com/blog/ai-clothing-inspection-how-computer-vision-grades-a-garment,1,8,12.5%,5.88
https://gradethread.com/grading/guides/jeans,1,3,33.33%,5.67
https://gradethread.com/tools/fit-checker,1,3,33.33%,6
https://gradethread.com/blog/color-fading-grade-modifier-excellent-to-good,1,3,33.33%,6.67
https://gradethread.com/blog/how-to-grade-vintage-denim-condition,1,3,33.33%,9
https://gradethread.com/value/columbia/fleece,1,2,50%,8.5
https://gradethread.com/reselling/best-crosslisting-apps,0,203,0%,51.48
https://gradethread.com/condition-grading,0,196,0%,11.32
https://gradethread.com/compare/grailed-vs-poshmark,0,124,0%,10.98
https://gradethread.com/value/nike/tech-fleece,0,116,0%,6.45
https://gradethread.com/blog/clothing-condition-grading-scale-explained,0,109,0%,13.41
https://gradethread.com/compare/whatnot-vs-poshmark,0,99,0%,15.48
https://gradethread.com/blog/mercari-partial-item-returns-reseller-guide#where-mercari-s-return-policy-leaves-sellers-exposed,0,92,0%,7
https://gradethread.com/blog/mercari-partial-item-returns-reseller-guide#how-to-handle-a-partial-return-dispute-step-by-step,0,90,0%,6.97
https://gradethread.com/blog/mercari-partial-item-returns-reseller-guide#what-partial-item-return-abuse-actually-looks-like,0,86,0%,6.97
https://gradethread.com/blog/mercari-partial-item-returns-reseller-guide#what-refund-processing-time-does-to-your-reconciliation,0,84,0%,6.93
https://gradethread.com/blog/nwot-vs-nwt-clothing-condition-difference,0,70,0%,8.83
https://gradethread.com/grading/flaws/elastic-degradation,0,66,0%,8.11
https://gradethread.com/blog/how-to-test-dye-bleeding-vintage-clothes-grading,0,65,0%,17.42
https://gradethread.com/grading/glossary,0,55,0%,11.15
https://gradethread.com/grading/platform-standards/ebay,0,52,0%,10.29
https://gradethread.com/blog/how-to-grade-pilling-different-fabric-types,0,43,0%,16.35
https://gradethread.com/compare/ebay-vs-depop,0,41,0%,15.59
https://gradethread.com/blog/used-clothing-resale-value-by-condition,0,40,0%,8.55
https://gradethread.com/compare/vinted-vs-poshmark,0,37,0%,21.19
https://gradethread.com/blog/negotiate-prices-sourcing-resale-clothing,0,36,0%,13.33
https://gradethread.com/grading/platform-standards/depop,0,34,0%,7.47
https://gradethread.com/blog/ebay-partial-refund-dispute-document-condition,0,33,0%,8.18
https://gradethread.com/grading/platform-standards/vinted,0,33,0%,8.48
https://gradethread.com/blog/ebay-item-expired-how-to-relist-correctly,0,33,0%,9.24
https://gradethread.com/blog/vacuum-seal-vs-flat-fold-clothing-storage-resellers,0,31,0%,7.87
https://gradethread.com/blog/how-to-grade-vintage-shoe-sole-condition,0,28,0%,11.18
https://gradethread.com/compare/mercari-vs-depop,0,28,0%,23.5
https://gradethread.com/blog/ebay-title-length-keyword-placement-word-count-math,0,26,0%,9.92
https://gradethread.com/blog/sun-fading-vs-chemical-discoloration-grading,0,25,0%,6.36
https://gradethread.com/blog/comping-workflow-price-clothing-resale-comps,0,25,0%,8.72
https://gradethread.com/grading/glossary/thrift-flip,0,25,0%,10.4
https://gradethread.com/blog/moth-damage-fiber-loss-grading-vintage-clothing,0,22,0%,13.45
https://gradethread.com/blog/mercari-vs-ebay-clothing-reselling-which-pays-more,0,22,0%,15.05
https://gradethread.com/blog/how-to-handle-returns-reselling-clothes,0,21,0%,25.24
https://gradethread.com/grading/flaws/belt-loop-damage,0,20,0%,7.6
https://gradethread.com/blog/inventory-sku-system-for-resellers-ebay,0,20,0%,8
https://gradethread.com/blog/color-fading-vs-dye-lot-variation-how-to-tell-the-difference,0,20,0%,8.55
https://gradethread.com/compare/vinted-vs-ebay,0,20,0%,18
https://gradethread.com/grading/good,0,19,0%,11.74
https://gradethread.com/compare/whatnot-vs-ebay,0,18,0%,21.89
https://gradethread.com/grading/glossary/sourcing,0,17,0%,5.59
https://gradethread.com/blog/decode-ebay-return-reason-codes-clothing-reseller,0,17,0%,7.82
https://gradethread.com/blog/bin-location-codes-sku-system-solo-resellers,0,17,0%,8.12
https://gradethread.com/blog/ebay-bundle-listings-pricing-strategy-reseller,0,17,0%,10.18
https://gradethread.com/grading/flaws/button-fading,0,16,0%,5.06
https://gradethread.com/grading/excellent,0,16,0%,8.12
https://gradethread.com/grading/glossary/nwd,0,15,0%,4.87
https://gradethread.com/blog/vintage-shoe-condition-grades-sole-wear-insole-integrity-odor,0,15,0%,7.33
https://gradethread.com/blog/how-to-grade-synthetic-fabric-sheen-loss-vintage-clothing,0,15,0%,7.8
https://gradethread.com/grading/platform-standards/whatnot,0,15,0%,8.47
https://gradethread.com/blog/why-ebay-listing-thumbnails-lose-clicks-photo-consistency,0,15,0%,9.33
https://gradethread.com/blog/how-to-identify-color-bleed-vintage-denim-before-listing,0,15,0%,14.93
https://gradethread.com/blog/how-to-grade-vintage-jeans-waistband-wear-and-tear,0,14,0%,8.43
https://gradethread.com/blog/how-to-grade-fabric-puckering-vintage-clothing,0,14,0%,14.57
https://gradethread.com/blog/how-to-grade-jacket-lining-damage-for-resale,0,13,0%,5.31
https://gradethread.com/value/timberland/boots,0,13,0%,7.92
https://gradethread.com/blog/ebay-chargeback-vs-return-difference-cost-to-reseller,0,13,0%,11.15
https://gradethread.com/blog/ebay-item-specifics-missing-data-search-visibility,0,13,0%,13.46
https://gradethread.com/grading/glossary/inr,0,12,0%,3.75
https://gradethread.com/blog/label-fade-test-care-tag-grading,0,12,0%,4.75
https://gradethread.com/grading-standard,0,12,0%,9.92
https://gradethread.com/blog/reseller-inventory-storage-bin-label-system,0,12,0%,10.25
https://gradethread.com/blog/how-to-grade-worn-collars-and-cuffs-vintage-shirts,0,11,0%,8.18
https://gradethread.com/reselling/comps/ebay-sold-comps,0,11,0%,8.18
https://gradethread.com/condition-index/lululemon-leggings,0,11,0%,8.55
https://gradethread.com/blog/mercari-shipping-weight-overage-cost-impact-reseller,0,11,0%,10.82
https://gradethread.com/blog/how-to-grade-vintage-leather-patina-condition,0,11,0%,18.36
https://gradethread.com/compare/ebay-vs-poshmark,0,10,0%,40.9
https://gradethread.com/compare/poshmark-vs-mercari,0,10,0%,44.8
https://gradethread.com/blog/marketplace-junk-fees-ebay-poshmark-mercari-hidden-charges,0,10,0%,51.6
https://gradethread.com/blog/how-to-describe-odor-in-clothing-listings,0,9,0%,4.22
https://gradethread.com/grading/platform-standards/mercari,0,9,0%,6.67
https://gradethread.com/blog/ebay-payout-reconciliation-missing-money,0,9,0%,9.33
https://gradethread.com/blog/cost-basis-problem-cogs-reseller-taxes,0,9,0%,16.44
https://gradethread.com/durability,0,9,0%,17.67
https://gradethread.com/blog/vintage-designer-label-tag-condition-grading-authenticity,0,8,0%,2.5
https://gradethread.com/blog/when-should-resellers-stop-using-spreadsheets-inventory,0,8,0%,7
https://gradethread.com/grading/nwt,0,8,0%,7.5
https://gradethread.com/blog/multi-platform-crosslisting-without-overselling,0,8,0%,7.62
https://gradethread.com/sitemap,0,8,0%,7.62
https://gradethread.com/grading/flaws/sun-fading,0,8,0%,7.75
https://gradethread.com/grading/flaws/snags-pulls,0,8,0%,8.75
https://gradethread.com/blog/vintage-band-tee-grading-fade-crack-print-wear-standards,0,8,0%,9
https://gradethread.com/reselling/reduce-ebay-returns,0,8,0%,9.5
https://gradethread.com/reselling/ebay-item-specifics,0,8,0%,14.62
https://gradethread.com/reselling/best-brands-to-resell,0,8,0%,28.75
https://gradethread.com/blog/reseller-tax-deductions-ebay-1099-k-checklist,0,8,0%,32.88
https://gradethread.com/blog/how-to-grade-vintage-band-t-shirts,0,7,0%,5
https://gradethread.com/blog/seam-separation-vs-seam-stress-repair-decision-tree-clothing-resale,0,7,0%,7.57
https://gradethread.com/blog/how-to-handle-difficult-buyers-reselling,0,7,0%,8.86
https://gradethread.com/for-resellers,0,7,0%,12.14
https://gradethread.com/condition-index/patagonia-jackets,0,7,0%,14
https://gradethread.com/reselling/vendoo-alternative,0,7,0%,32.14
https://gradethread.com/cookies,0,6,0%,2.5
https://gradethread.com/faq,0,6,0%,2.5
https://gradethread.com/blog/drawstring-cord-damage-grading-vintage-outerwear,0,6,0%,6
https://gradethread.com/grading/glossary/rise,0,6,0%,6.33
https://gradethread.com/value/timberland/boots/new,0,6,0%,6.83
https://gradethread.com/condition-index/patagonia-nano-puff,0,6,0%,7.33
https://gradethread.com/transparency,0,6,0%,11
https://gradethread.com/blog/stain-classification-resellers-removable-kills-value-disclose,0,6,0%,14.17
https://gradethread.com/blog/true-shipping-cost-per-item-reseller-margin,0,6,0%,21
https://gradethread.com/grading/very-good,0,6,0%,23.17
https://gradethread.com/reselling/list-perfectly-alternative,0,6,0%,28.17
https://gradethread.com/dpa/,0,5,0%,3.8
https://gradethread.com/flipdesk/bookkeeping,0,5,0%,4.2
https://gradethread.com/condition-index/lululemon-scuba-hoodie,0,5,0%,7.6
https://gradethread.com/grading/nwot,0,5,0%,8.6
https://gradethread.com/login,0,5,0%,8.6
https://gradethread.com/blog/how-to-start-reselling-clothes-beginners-guide,0,5,0%,9
https://gradethread.com/grading/flaws/collar-wear,0,5,0%,9.4
https://gradethread.com/grading/platform-standards,0,5,0%,9.8
https://gradethread.com/blog/vintage-sweater-stretch-bagging-condition-grading,0,5,0%,10.6
https://gradethread.com/grading/scale,0,5,0%,10.6
https://gradethread.com/blog/how-to-grade-vintage-suit-and-blazer-condition,0,5,0%,10.8
https://gradethread.com/condition-index/arcteryx-beta-jacket,0,5,0%,12.6
https://gradethread.com/grading/graded-clothing-meaning,0,5,0%,15.4
https://gradethread.com/blog/bulk-liquidation-sourcing-verify-wholesale-deals,0,5,0%,27.8
https://gradethread.com/terms,0,4,0%,3.25
https://gradethread.com/blog/how-to-grade-altered-vintage-suits-for-resale,0,4,0%,5
https://gradethread.com/grading/glossary/smoke-free-home,0,4,0%,5.25
https://gradethread.com/condition-index/j-crew-sweater,0,4,0%,5.75
https://gradethread.com/blog/how-to-grade-thin-spots-transparency-clothing-fabric,0,4,0%,6.25
https://gradethread.com/blog/how-to-grade-faded-spandex-blend-clothing-condition,0,4,0%,6.5
https://gradethread.com/reselling,0,4,0%,6.75
https://gradethread.com/value/timberland/boots/very-good,0,4,0%,6.75
https://gradethread.com/cert/fefb730a-be15-4787-8bf2-6a530c9a6b55,0,4,0%,7
https://gradethread.com/grading/fair,0,4,0%,7
https://gradethread.com/grading/glossary/grail,0,4,0%,7
https://gradethread.com/grading/flaws/bleach-spots,0,4,0%,8
https://gradethread.com/compare/grailed-vs-depop,0,4,0%,8.5
https://gradethread.com/condition-index/dr-martens-1460-boots,0,4,0%,9
https://gradethread.com/blog/category-mismatch-ebay-item-specifics-search-visibility,0,4,0%,10
https://gradethread.com/grading/vs-authentication,0,4,0%,10
https://gradethread.com/condition-index/ralph-lauren-polo,0,4,0%,10.5
https://gradethread.com/flipdesk/crosslisting,0,4,0%,10.75
https://gradethread.com/blog/pilling-scale-when-knit-is-still-sellable,0,4,0%,12.75
https://gradethread.com/reselling/sourcing,0,4,0%,13.25
https://gradethread.com/blog/holdover-item-audit-slow-moving-inventory-liquidate,0,4,0%,13.5
https://gradethread.com/grading/glossary/as-is,0,4,0%,14.75
https://gradethread.com/blog/thrift-store-route-planner-guide-profit-per-mile,0,3,0%,2.67
https://gradethread.com/blog/vintage-corduroy-velvet-pile-flattening-nap-loss-grading,0,3,0%,5.33
https://gradethread.com/grading/flaws/lining-tears,0,3,0%,6.33
https://gradethread.com/condition-index/champion-reverse-weave,0,3,0%,7
https://gradethread.com/condition-index/stussy-tee,0,3,0%,7.67
https://gradethread.com/blog/as-is-clothing-listings-grade-threshold-disclosure,0,3,0%,8.33
https://gradethread.com/blog/how-to-detect-seam-slippage-vintage-suit-jackets,0,3,0%,8.33
https://gradethread.com/grading/guides,0,3,0%,8.33
https://gradethread.com/reselling/death-pile,0,3,0%,9
https://gradethread.com/grading/condition-chart,0,3,0%,11
https://gradethread.com/grading/flaws/missing-buttons,0,3,0%,12.67
https://gradethread.com/blog/page/4,0,3,0%,14
https://gradethread.com/privacy,0,3,0%,14
https://gradethread.com/grading/flaws/mildew-odor,0,3,0%,18.67
https://gradethread.com/blog/when-should-resellers-use-automation-tools,0,3,0%,25.33
https://gradethread.com/blog/seasonal-clothing-sourcing-calendar-by-month,0,3,0%,33.33
https://gradethread.com/blog/reseller-taxes-1099-k-deductions-bookkeeping,0,3,0%,40
https://gradethread.com/blog/defect-photo-checklist-ebay-clothing-listings,0,2,0%,2
https://gradethread.com/grading/platform-standards/grailed,0,2,0%,4
https://gradethread.com/pricing/,0,2,0%,4
https://gradethread.com/blog/how-to-grade-vintage-activewear-condition-for-resale,0,2,0%,5.5
https://gradethread.com/authors,0,2,0%,6.5
https://gradethread.com/condition-index/adidas-track-jacket,0,2,0%,6.5
https://gradethread.com/grading/glossary/death-pile,0,2,0%,7
https://gradethread.com/condition-index/lululemon-abc-pants,0,2,0%,7.5
https://gradethread.com/blog/ebay-clothing-descriptions-reduce-returns,0,2,0%,8
https://gradethread.com/blog/ebay-store-vs-auction-format-profit-comparison,0,2,0%,8.5
https://gradethread.com/grading/flaws/rust-spots,0,2,0%,8.5
https://gradethread.com/grading/glossary/sku,0,2,0%,8.5
https://gradethread.com/grading/guides/raincoat,0,2,0%,8.5
https://gradethread.com/value/carhartt/detroit-jacket,0,2,0%,8.5
https://gradethread.com/blog/unsold-ebay-items-relist-liquidate-cut-losses,0,2,0%,9
https://gradethread.com/blog/condition-grade-mismatch-ebay-photos-title-alignment,0,2,0%,9.5
https://gradethread.com/grading/glossary/cross-listing,0,2,0%,10.5
https://gradethread.com/grading/flaws,0,2,0%,11
https://gradethread.com/grading/flaws/stains-general,0,2,0%,11
https://gradethread.com/grading/glossary/vintage,0,2,0%,11
https://gradethread.com/blog/how-to-grade-brittle-lace-vintage-clothing,0,2,0%,13
https://gradethread.com/grading/fabric-condition,0,2,0%,13
https://gradethread.com/leaderboards/grades,0,2,0%,14
https://gradethread.com/acceptable-use,0,2,0%,15
https://gradethread.com/compare,0,2,0%,15
https://gradethread.com/sell-used-clothes-ebay,0,2,0%,20
https://gradethread.com/reselling/bolo-list,0,2,0%,20.5
https://gradethread.com/blog/how-to-photograph-clothing-defects-for-grading,0,2,0%,21.5
https://gradethread.com/blog/how-to-grade-felting-and-pocketing-vintage-sweaters,0,2,0%,26
https://gradethread.com/grading/glossary/comps,0,2,0%,30
https://gradethread.com/compare/mercari-vs-ebay,0,2,0%,39
https://gradethread.com/grading/guides/linen-shirt,0,1,0%,2
https://gradethread.com/value/columbia/fleece/fair,0,1,0%,2
https://gradethread.com/condition-index/carhartt-beanie,0,1,0%,3
https://gradethread.com/grading/guides/denim-jacket,0,1,0%,3
https://gradethread.com/value/columbia/fleece/very-good,0,1,0%,3
https://gradethread.com/blog/reconcile-payout-multiple-platforms-reseller-workflow,0,1,0%,4
https://gradethread.com/blog/tag/sku-systems,0,1,0%,4
https://gradethread.com/condition-index/patagonia-synchilla,0,1,0%,4
https://gradethread.com/cookies/,0,1,0%,4
https://gradethread.com/finds,0,1,0%,4
https://gradethread.com/grading/flaws/broken-zipper,0,1,0%,4
https://gradethread.com/grading/guides/fleece-jacket,0,1,0%,4
https://gradethread.com/grading/guides/tank-top,0,1,0%,4
https://gradethread.com/value/ralph-lauren/chinos,0,1,0%,4
https://gradethread.com/blog/tag/returns-reconciliation,0,1,0%,5
https://gradethread.com/value,0,1,0%,5
https://gradethread.com/value/columbia/fleece/good,0,1,0%,5
https://gradethread.com/grading/guides/activewear-leggings,0,1,0%,6
https://gradethread.com/verify,0,1,0%,6
https://gradethread.com/authors/gradethread-team,0,1,0%,7
https://gradethread.com/condition-index/carhartt-detroit-jacket,0,1,0%,7
https://gradethread.com/grading/glossary/thrifting,0,1,0%,7
https://gradethread.com/reselling/crosslist-alternative,0,1,0%,7
https://gradethread.com/value/dr-martens/chelsea-boots/fair,0,1,0%,7
https://gradethread.com/verified,0,1,0%,7
https://gradethread.com/condition-index/free-people-dress,0,1,0%,8
https://gradethread.com/grading/flaws/hemline-damage,0,1,0%,8
https://gradethread.com/grading/guides/leather-jacket,0,1,0%,8
https://gradethread.com/leaderboards,0,1,0%,8
https://gradethread.com/blog/dead-season-strategy-sell-clothing-inventory-slow-season,0,1,0%,9
https://gradethread.com/condition-index/new-balance-990,0,1,0%,9
https://gradethread.com/condition-index/the-north-face-puffer,0,1,0%,9
https://gradethread.com/grading/flaws/pilling,0,1,0%,9
https://gradethread.com/grading/guides/pleated-skirt,0,1,0%,9
https://gradethread.com/pricing,0,1,0%,9
https://gradethread.com/grading/guides/cashmere-sweater,0,1,0%,10
https://gradethread.com/grading/guides/wool-suit,0,1,0%,10
https://gradethread.com/grading/poor,0,1,0%,10
https://gradethread.com/leaderboards/xp,0,1,0%,10
https://gradethread.com/scan,0,1,0%,10
https://gradethread.com/trademarks,0,1,0%,10
https://gradethread.com/blog/poshmark-share-tax-sharing-cost-benefit-analysis,0,1,0%,11
https://gradethread.com/blog/vintage-denim-crotch-blowout-grading,0,1,0%,11
https://gradethread.com/grading/glossary/deadstock,0,1,0%,11
https://gradethread.com/grading/glossary/y2k,0,1,0%,11
https://gradethread.com/grading/guides/flannel-shirt,0,1,0%,11
https://gradethread.com/grading/structural-integrity,0,1,0%,11
https://gradethread.com/resale-condition-report,0,1,0%,11
https://gradethread.com/condition-index/supreme-box-logo-tee,0,1,0%,15
https://gradethread.com/blog/cost-per-listing-reseller-clothing-breakdown,0,1,0%,17
https://gradethread.com/blog/page/3,0,1,0%,17
https://gradethread.com/value/uniqlo/ultra-light-down/fair,0,1,0%,17
https://gradethread.com/blog/page/5,0,1,0%,27
https://gradethread.com/passport/3938b96239934bfcbf7f1edbebf42ea1,0,1,0%,29
https://gradethread.com/blog/inventory-turnover-math-reseller-clothing,0,1,0%,33
https://gradethread.com/compare/vinted-vs-depop,0,1,0%,46
https://gradethread.com/cert/6623734e-0876-44ba-ba33-a640a25b5cf3,0,1,0%,62
https://gradethread.com/blog/how-to-grade-elastic-degradation-vintage-clothing,0,1,0%,83
https://gradethread.com/cert/e882f513-8b03-461c-80c7-bd7ee95101b9,0,1,0%,107