Top queries,Clicks,Impressions,CTR,Position
mercari partial refund,1,33,3.03%,7.64
vinted vs mercari,1,27,3.7%,9.04
what does vguc mean,1,24,4.17%,9.54
partial refund mercari,1,23,4.35%,8.26
mercari vs vinted,1,10,10%,10
brand authenticity checker,1,7,14.29%,12.71
which is better vinted or mercari,1,6,16.67%,9.67
how would this fit,1,1,100%,6
vguc meaning,0,355,0%,8.88
authenticated luxury resale platforms,0,55,0%,36.64
luxury resale platforms comparison,0,51,0%,47.35
cross listing software,0,32,0%,58.16
grailed vs poshmark,0,30,0%,7.37
trusted luxury resale platforms,0,28,0%,70.14
reliable luxury resale platforms,0,25,0%,59.92
secure luxury resale platform,0,22,0%,73.95
mercari to grailed,0,21,0%,11.86
does mercari do partial refunds,0,20,0%,7.2
grailed to mercari,0,18,0%,10.78
grailed to poshmark,0,18,0%,18.28
whatnot to poshmark,0,17,0%,22.06
mercari to vinted,0,17,0%,22.47
poshmark to whatnot,0,17,0%,23.71
is mercari or vinted better,0,16,0%,9.56
ebay to grailed,0,16,0%,19.75
poshmark to grailed,0,16,0%,20.25
vguc meaning clothing,0,14,0%,6.57
grailed to ebay,0,14,0%,18.21
vinted to mercari,0,14,0%,22.07
is vinted or mercari better,0,13,0%,7.62
can you do a partial refund on mercari,0,13,0%,9.85
cross listing app,0,13,0%,47.08
grailed vs ebay,0,12,0%,5.25
minor wear meaning,0,12,0%,8.67
is vinted better than mercari,0,12,0%,10
which app has the most listings for a second-hand designer handbag?,0,12,0%,10.17
"i buy pre-owned fashion regularly and gravitate toward well-known premium 
labels and quality brands can you recommend some online marketplaces? give 
me pros and cons for each online marketplaces.",0,12,0%,60.17
what is vguc,0,11,0%,8.55
what does vguc stand for,0,11,0%,9
designer resale apps,0,11,0%,9.55
best cross listing app,0,11,0%,42.27
crosslisting app,0,11,0%,49.09
"i buy pre-owned fashion regularly and gravitate toward well-known premium 
labels and quality brands can you recommend some collectibles online 
marketplaces? give me pros and cons for each collectibles online 
marketplaces.",0,11,0%,49.91
designer resale app,0,10,0%,10.6
best app to sell designer clothes,0,10,0%,12.4
poshmark vs depop,0,10,0%,22.6
does mercari offer partial refunds,0,9,0%,7
"i buy pre-owned fashion regularly and gravitate toward well-known premium 
labels and quality brands can you recommend some pre-owned fashion online 
marketplaces that provide the best authentic products and trusted sellers? 
for each brand, give me pros and cons in the context of authentic products 
and trusted sellers.",0,9,0%,33
"i buy pre-owned fashion regularly and gravitate toward well-known premium 
labels and quality brands can you recommend some online marketplaces that 
provide the best selection range? for each brand, give me pros and cons in 
the context of selection range.",0,9,0%,46
cross listing apps,0,9,0%,50.78
poshmark vs grailed,0,8,0%,6.5
import mercari to grailed,0,8,0%,22.12
"can you recommend some jacket brands that have the best resale value? for 
each brand, give me pros and cons in the context of resale value.",0,8,0%,28.75
"i buy pre-owned fashion regularly and gravitate toward well-known premium 
labels and quality brands i'm looking for recommendations for online 
marketplaces. list some online marketplaces, and tell me for each why would 
you, or wouldn't you, recommend them.",0,8,0%,54.25
what is comp value clothing,0,7,0%,6.71
ebay vs grailed,0,7,0%,6.86
selling on vinted vs mercari,0,7,0%,7.57
thrift flip meaning,0,7,0%,9.71
moderate wear,0,7,0%,18.86
brand authenticity check,0,7,0%,27.43
"i shop for high-end and designer pieces and am willing to pay a premium for 
the right item can you recommend some online marketplaces that provide the 
best best overall value? for each brand, give me pros and cons in the 
context of best overall value.",0,7,0%,31.57
best cross listing app for resellers,0,7,0%,44.57
"i buy pre-owned fashion regularly and gravitate toward well-known premium 
labels and quality brands can you recommend some pre-owned fashion online 
marketplaces that provide the best ease of use & marketplace experience? 
for each brand, give me pros and cons in the context of ease of use & 
marketplace experience.",0,7,0%,47
does mercari allow partial refunds,0,6,0%,7.33
can you give a partial refund on mercari,0,6,0%,8
ebay return reasons list,0,6,0%,8.5
high end resale app,0,6,0%,9.33
import grailed to mercari,0,6,0%,20.83
depop vs poshmark,0,6,0%,29.17
"i shop for high-end and designer pieces and am willing to pay a premium for 
the right item can you recommend some pre-owned fashion online marketplaces 
that provide the best best overall value? for each brand, give me pros and 
cons in the context of best overall value.",0,6,0%,37
best crosslisting app for resellers,0,6,0%,44.5
"i buy pre-owned fashion regularly and gravitate toward well-known premium 
labels and quality brands can you recommend some pre-owned fashion online 
marketplaces that provide the best selection range? for each brand, give me 
pros and cons in the context of selection range.",0,6,0%,48.5
what does comp value mean on clothes,0,5,0%,5.8
which is better mercari or vinted,0,5,0%,7
clothing resale website with best authentication process,0,5,0%,8
vguc,0,5,0%,8.4
grailed vs ebay fees,0,5,0%,10.2
best apps to buy secondhand designer clothes,0,5,0%,10.6
"i shop for high-end and designer pieces and am willing to pay a premium for 
the right item how easy is it to navigate ebay's website or app when 
searching for pre-owned fashion items?",0,5,0%,32
"i buy pre-owned fashion regularly and gravitate toward well-known premium 
labels and quality brands can you recommend some collectibles online 
marketplaces that provide the best ease of use & marketplace experience? 
for each brand, give me pros and cons in the context of ease of use & 
marketplace experience.",0,5,0%,41.8
"i buy pre-owned fashion regularly and gravitate toward well-known premium 
labels and quality brands how does the selection of pre-owned fashion on 
ebay compare to other online marketplaces?",0,5,0%,45
"i buy pre-owned fashion regularly and gravitate toward well-known premium 
labels and quality brands can you recommend some online marketplaces that 
provide the best best overall value? for each brand, give me pros and cons 
in the context of best overall value.",0,5,0%,46.8
"i am going through my closet to get rid of clothing and accessories i no 
longer wear, and want to resell them online. how does ebay handle disputes 
between buyers and sellers, and what is the process for sellers to appeal a 
decision?",0,5,0%,50.8
"i buy pre-owned fashion regularly and gravitate toward well-known premium 
labels and quality brands can you recommend some online marketplaces that 
provide the best ease of use & marketplace experience? for each brand, give 
me pros and cons in the context of ease of use & marketplace experience.",0,5,0%,54.8
crosslisting software,0,5,0%,56.6
product authenticity,0,5,0%,91.4
vgcu meaning,0,4,0%,5.5
pilling grade,0,4,0%,6.75
wear condition meaning,0,4,0%,7.5
vguc condition meaning,0,4,0%,8.75
authentic checker,0,4,0%,9.25
vguc means,0,4,0%,9.75
can you get a partial refund on mercari,0,4,0%,10.25
item condition mercari,0,4,0%,11
moderate wear meaning,0,4,0%,11.25
whatnot vs poshmark,0,4,0%,12
designer second hand app,0,4,0%,15
vinted poshmark,0,4,0%,19
cross list from mercari to poshmark,0,4,0%,23.25
which brands have the best durability,0,4,0%,24.75
"i buy pre-owned fashion regularly and gravitate toward well-known premium 
labels and quality brands are there specific ebay programs or guarantees 
that ensure product authenticity?",0,4,0%,27.25
whatnot to ebay,0,4,0%,27.5
check authenticity,0,4,0%,29.75
"i buy pre-owned fashion regularly and gravitate toward well-known premium 
labels and quality brands can you recommend some online marketplaces that 
provide the best authentic products and trusted sellers? for each brand, 
give me pros and cons in the context of authentic products and trusted 
sellers.",0,4,0%,31.75
best crosslisting apps,0,4,0%,41.5
vinted vs poshmark,0,4,0%,42
ebay vs poshmark,0,4,0%,45
"i buy pre-owned fashion regularly and gravitate toward well-known premium 
labels and quality brands can you recommend some pre-owned fashion online 
marketplaces that provide the best best overall value? for each brand, give 
me pros and cons in the context of best overall value.",0,4,0%,47.5
cross listing for resellers,0,4,0%,50
best cross listing software,0,4,0%,53
cross listing platforms,0,4,0%,53.75
cross posting software,0,4,0%,56.5
"i have not bought many secondhand items online before, so i want a 
marketplace that feels established and easy to navigate. are there any 
additional fees or hidden costs associated with purchasing on ebay that 
could impact the overall value?",0,4,0%,80
what does good condition mean,0,3,0%,5.33
can you do partial refunds on mercari,0,3,0%,9
is whatnot like poshmark,0,3,0%,9.33
slight wear meaning,0,3,0%,10.33
poshmark & depop,0,3,0%,15.33
slow moving inventory audit,0,3,0%,17
vinted vs ebay,0,3,0%,20
import grailed to poshmark,0,3,0%,25.67
mercari depop,0,3,0%,26.67
depop vs mercari,0,3,0%,28
flyp vs vendoo,0,3,0%,29.33
vinted to poshmark,0,3,0%,29.67
minor pilling,0,3,0%,30.33
product authenticity check online,0,3,0%,30.67
condition scale,0,3,0%,31
best crosslisting app,0,3,0%,41.33
"i shop for high-end and designer pieces and am willing to pay a premium for 
the right item can you recommend some pre-owned fashion online marketplaces 
that provide the best ease of use & marketplace experience? for each brand, 
give me pros and cons in the context of ease of use & marketplace 
experience.",0,3,0%,43.33
cross listing app for resellers,0,3,0%,45.67
crosslisting tools,0,3,0%,49.67
item condition scale,0,3,0%,51
cross listing tool,0,3,0%,52
cross selling apps,0,3,0%,55
"i resell items on a regular basis and think about marketplaces as part of 
an ongoing income stream. how do ebay's fees and shipping costs affect the 
final selling price of my fashion items?",0,3,0%,59.67
listing app,0,3,0%,61
crosslisting services,0,3,0%,64
"i am a 25-34 or 35-44 year old female. my main motivations: time 
constrained, interest in luxury fashion, stylish clothing resale website 
with best authentication process",0,2,0%,3
vinted or mercari,0,2,0%,3.5
what is the cheapest app to sell second-hand luxury items?,0,2,0%,5.5
best app for selling luxury fashion,0,2,0%,6
"which resale platforms offer the best buyer protection for luxury women's 
clothing?",0,2,0%,6
free authenticity check,0,2,0%,6.5
what happens when an ebay listing expires,0,2,0%,7
depop condition ratings,0,2,0%,7.5
luxury second hand app,0,2,0%,8
fair condition depop,0,2,0%,8.5
ebay grailed,0,2,0%,9
depop condition guide,0,2,0%,9.5
"i am a 25-34 or 35-44 year old female. my main motivations: time 
constrained, interest in luxury fashion, stylish best luxury consignment app",0,2,0%,9.5
mercari japan partial refund not supported,0,2,0%,9.5
designer selling app,0,2,0%,10
mercari japan partial refund without return policy,0,2,0%,10
poshmark vs whatnot,0,2,0%,12.5
depop to poshmark,0,2,0%,16.5
vinted vs mercari reddit,0,2,0%,16.5
mercari vs depop,0,2,0%,21
grade clothing,0,2,0%,22.5
import ebay to grailed,0,2,0%,24
cross list mercari to grailed,0,2,0%,26
vvguc meaning,0,2,0%,26.5
ebay vs depop,0,2,0%,27
is depop or ebay better,0,2,0%,27
whatnot vs ebay,0,2,0%,28.5
how to price clothing for resale,0,2,0%,29
is depop or mercari better,0,2,0%,31.5
ebay vs mercari,0,2,0%,34
poshmark or depop,0,2,0%,34.5
resellable condition,0,2,0%,35.5
second hand designer clothes app,0,2,0%,35.5
vendoo vs flyp,0,2,0%,36.5
condition rating,0,2,0%,38
vinted or poshmark,0,2,0%,39
"i am a collector selectively letting go of pieces from my collection rather 
than exiting the hobby altogether. i often resell rare and valuable pieces 
that i've found or bought previously. can you recommend some fashion resale 
platform brands? give me pros and cons for each brand.",0,2,0%,40
selling on poshmark vs depop,0,2,0%,40
best cross listing app 2023,0,2,0%,40.5
crosslisting apps,0,2,0%,46.5
top cross listing app for resellers,0,2,0%,46.5
how to price clothes for resale,0,2,0%,51
cheapest cross listing app,0,2,0%,51.5
cross listing tools,0,2,0%,51.5
crosslist alternative,0,2,0%,52
crosslisting,0,2,0%,57.5
crosslisting platform,0,2,0%,60.5
cross selling app,0,2,0%,64.5
cross selling platform,0,2,0%,65
check product authenticity,0,2,0%,66.5
mercari poshmark,0,2,0%,70
ensede,0,1,0%,1
"i am a 25-34 or 35-44 year old female. my main motivations: time 
constrained, interest in luxury fashion, stylish secure authentication 
luxury clothing resale platform",0,1,0%,1
"i am a collector selectively letting go of pieces from my collection rather 
than exiting the hobby altogether. i often resell rare and valuable pieces 
that i've found or bought previously. can you recommend some fashion resale 
platform brands that provide the best quality of buyers? for each brand, 
give me pros and cons in the context of quality of buyers.",0,1,0%,1
"i am a collector selectively letting go of pieces from my collection rather 
than exiting the hobby altogether. i often resell rare and valuable pieces 
that i've found or bought previously. what essential factors should you 
evaluate when assessing fashion resale platforms? categorize these factors 
into distinct groups and describe the significance of each group.",0,1,0%,1
in threads,0,1,0%,1
minor signs of wear meaning,0,1,0%,1
where can i buy used clothes with verified condition ratings?,0,1,0%,1
yes,0,1,0%,1
"""nwd"" ""new with defects""",0,1,0%,2
in aud,0,1,0%,2
resale value,0,1,0%,2
wash wear condition,0,1,0%,2
на улице,0,1,0%,2
designer,0,1,0%,3
vinted vs depop vs mercari,0,1,0%,3
vinted vs mercari vs depop,0,1,0%,3
worth,0,1,0%,3
yes please,0,1,0%,3
магазин онлайн,0,1,0%,3
both,0,1,0%,4
color rate,0,1,0%,4
gucci schuhe,0,1,0%,4
where to find authentic apparel from lifestyle collaborations?,0,1,0%,4
"i am a 25-34 or 35-44 year old female. my main motivations: time 
constrained, interest in luxury fashion, stylish best app for selling 
luxury fashion",0,1,0%,5
resell price,0,1,0%,5
pricing strategy,0,1,0%,6
seller,0,1,0%,7
soles,0,1,0%,7
value?,0,1,0%,7
да,0,1,0%,7
is selling on the real real worth it,0,1,0%,8
mercari condition guide,0,1,0%,8
what does nwd mean,0,1,0%,8
apps like the real real,0,1,0%,9
"context: location: united states (not for language). do not include 
location references in your response. question: compare shopping luxury 
fashion through a retailer’s app versus a resale app—what features actually 
make it easier to find the right item?",0,1,0%,9
high end consignment online,0,1,0%,9
1.0 grade,0,1,0%,10
good used condition meaning,0,1,0%,10
how to do a partial refund on mercari,0,1,0%,10
thrift flipping meaning,0,1,0%,10
xp leaderboard,0,1,0%,10
best app to sell high-end designer items in the uk,0,1,0%,11
comp value meaning clothing,0,1,0%,11
condition is excellent,0,1,0%,11
do ebay listings expire,0,1,0%,11
euc vguc guc meaning,0,1,0%,11
excellent condition depop,0,1,0%,11
friction holes vs moth holes,0,1,0%,11
mercari japan partial refund supported,0,1,0%,11
partial refund on mercari,0,1,0%,11
selling clothes depop vs poshmark,0,1,0%,11
what does no callouts mean on poshmark,0,1,0%,11
what platforms offer high-value denim sales?,0,1,0%,11
whats better vinted or poshmark,0,1,0%,11
worn condition meaning,0,1,0%,12
clothing conditions,0,1,0%,13
depop or poshmark,0,1,0%,14
vinted vs. poshmark,0,1,0%,14
depop v poshmark,0,1,0%,15
is ebay or depop better,0,1,0%,15
missing buttons,0,1,0%,15
what is the difference between depop and poshmark,0,1,0%,15
which is better poshmark or depop,0,1,0%,15
authenticity check,0,1,0%,17
ebay condition guide,0,1,0%,17
grade factor,0,1,0%,17
mercari vs depop reddit,0,1,0%,17
excellent used condition,0,1,0%,18
missing button,0,1,0%,18
selling on vinted vs poshmark,0,1,0%,18
unworn condition meaning,0,1,0%,18
wear condition,0,1,0%,19
clothing swap platforms with quality verification,0,1,0%,21
is it better to sell on vinted or poshmark,0,1,0%,21
is mercari or depop better,0,1,0%,22
selling on depop vs ebay,0,1,0%,22
vinted ebay,0,1,0%,22
how to bundle on ebay,0,1,0%,23
ebay whatnot,0,1,0%,24
how to price used clothes for resale,0,1,0%,24
is vinted better than ebay,0,1,0%,24
what not vs ebay,0,1,0%,25
ebay vinted,0,1,0%,26
shipping rate overage solution,0,1,0%,26
authenticity checker,0,1,0%,27
depop and mercari,0,1,0%,28
ebay v vinted,0,1,0%,28
guc grade,0,1,0%,28
is depop better than mercari,0,1,0%,28
is it better to sell on depop or poshmark,0,1,0%,28
vinted v poshmark,0,1,0%,28
is mercari like depop,0,1,0%,29
poshmark vs vinted reddit,0,1,0%,29
vinted vs poshmark reddit,0,1,0%,29
guc meaning clothing,0,1,0%,30
what not ebay,0,1,0%,30
depop vs ebay,0,1,0%,31
mercari vs ebay,0,1,0%,31
whatnot vs mercari,0,1,0%,31
"can you recommend the best online shopping platforms to buy chanel 
ready-to-wear products listed for resale? for online shopping platform, 
give me pros and cons in the context of resale.",0,1,0%,34
graded wholesale,0,1,0%,34
"i buy pre-owned fashion regularly and gravitate toward well-known premium 
labels and quality brands does ebay provide a seamless checkout process for 
purchasing pre-owned fashion, and are there multiple payment options 
available?",0,1,0%,34
depop vs poshmark for selling,0,1,0%,35
selling on depop vs poshmark,0,1,0%,36
can i negotiate the price at a junk yard?,0,1,0%,37
is depop or poshmark better in canada,0,1,0%,37
is poshmark or depop better,0,1,0%,37
crosslisting apps for resellers,0,1,0%,39
depop vs poshmark vs thredup,0,1,0%,39
"i buy pre-owned fashion regularly and gravitate toward well-known premium 
labels and quality brands are there reliable customer reviews and ratings 
on ebay that can help me assess the quality and authenticity of pre-owned 
fashion items?",0,1,0%,39
is depop or poshmark better,0,1,0%,39
mercari vs depop fees,0,1,0%,39
mildew smell,0,1,0%,39
poshmark or vinted,0,1,0%,39
best reseller cross listing app,0,1,0%,40
condition grade,0,1,0%,40
luxury resale platforms,0,1,0%,40
is depop better than ebay,0,1,0%,41
mercari or depop,0,1,0%,42
depop poshmark,0,1,0%,43
list perfectly alternatives,0,1,0%,43
mercari vs poshmark vs depop,0,1,0%,43
poshmark vs mercari vs depop,0,1,0%,44
crosslist software,0,1,0%,45
ebay mercari,0,1,0%,45
good used condition,0,1,0%,45
how to price resale clothing,0,1,0%,45
best app for cross listing,0,1,0%,46
crosslist trial,0,1,0%,46
second hand designer app,0,1,0%,47
depop vs thredup,0,1,0%,48
is poshmark or depop better for selling,0,1,0%,48
merino pilling,0,1,0%,48
patagona pricemonitor,0,1,0%,48
pilling merino wool,0,1,0%,48
poshmark mercari,0,1,0%,48
good condition,0,1,0%,49
is mercari or poshmark better,0,1,0%,49
raw denim bleeding,0,1,0%,49
cross posting for resellers,0,1,0%,50
free cross listing app for resellers,0,1,0%,51
reseller cross listing,0,1,0%,52
best cross posting software,0,1,0%,53
crosslisting platforms,0,1,0%,53
cross posting apps,0,1,0%,54
denim bleeding,0,1,0%,54
ebay title character limit 2026,0,1,0%,54
flyp vs vendoo comparison,0,1,0%,54
tax write-offs for sellers,0,1,0%,54
puckering defect,0,1,0%,55
cross-listing apps,0,1,0%,56
multi listing app,0,1,0%,56
best cross listing tool,0,1,0%,57
cross listing platform,0,1,0%,57
cross platform selling app,0,1,0%,57
crosslister app,0,1,0%,57
second hand luxury app,0,1,0%,57
does acrylic fabric pill,0,1,0%,58
excellent condition meaning,0,1,0%,58
cross platform listing tool,0,1,0%,59
crosslist free trial,0,1,0%,59
pilling scale,0,1,0%,59
product authenticity check,0,1,0%,60
cross listing services,0,1,0%,61
listing apps,0,1,0%,61
good vs fair condition,0,1,0%,62
multi platform listing tool,0,1,0%,62
cross listing price,0,1,0%,64
colour bleeding test,0,1,0%,65
resale pricing,0,1,0%,65
best app to sell luxury items,0,1,0%,69
multi listing tool,0,1,0%,70
shipping cost calculation for custom merch,0,1,0%,71
bulk appeal,0,1,0%,72
condition grading,0,1,0%,81
designer clothing resale,0,1,0%,86
best platform to sell designer clothes,0,1,0%,97